"","TransitionGroupID","Model_Code","annual_probability","BpS_Name","...1","BLUE","ACRES","REL_PERCENT","annual_dist_acres"
"1","All Fire","10110_6_10_12_17_18_19",0.0320966,"Rocky Mountain Aspen Forest and Woodland",43,0.45098,15035,0.1,482.572381
"2","All Fire","10110_6_10_12_17_18_19",0.0320966,"Rocky Mountain Aspen Forest and Woodland",47,0.45098,14915,0.1,478.720789
"3","All Fire","10120_17_18_21",0.0198082,"Rocky Mountain Bigtooth Maple Ravine Woodland",79,0.498039,829,0,16.4209978
"4","All Fire","10160_13_14",0.0064858,"Colorado Plateau Pinyon-Juniper Woodland",54,0.4,75,0,0.486435
"5","All Fire","10160_17",0.0078456,"Colorado Plateau Pinyon-Juniper Woodland",80,0.4,222,0,1.7417232
"6","All Fire","10190_13_14",0.00641,"Great Basin Pinyon-Juniper Woodland",40,0,16602,0.1,106.41882
"7","All Fire","10190_6_7_9_12_16_17_18_19",0.0022394,"Great Basin Pinyon-Juniper Woodland",5,0,670313,5.2,1501.0989322
"8","All Fire","10190_6_7_9_12_16_17_18_19",0.0022394,"Great Basin Pinyon-Juniper Woodland",7,0,578127,4.5,1294.6576038
"9","All Fire","10200_6_9_12_17",0.0070734,"Inter-Mountain Basins Subalpine Limber-Bristlecone Pine Woodland",44,0.223529,19071,0.1,134.8968114
"10","All Fire","10200_6_9_12_17",0.0070734,"Inter-Mountain Basins Subalpine Limber-Bristlecone Pine Woodland",48,0.223529,17210,0.1,121.733214
"11","All Fire","10310_2_3_4_5_6_12",0.1079236,"California Montane Jeffrey Pine(-Ponderosa Pine) Woodland",71,0,2,0,0.2158472
"12","All Fire","10330_12",0.0158126,"Mediterranean California Subalpine Woodland",72,0.635294,257,0,4.0638382
"13","All Fire","10510_15_16_17_22_23_24_25",0.0934938,"Southern Rocky Mountain Dry-Mesic Montane Mixed Conifer Forest and Woodland",81,1,23,0,2.1503574
"14","All Fire","10520_12",0.0303322,"Southern Rocky Mountain Mesic Montane Mixed Conifer Forest and Woodland",34,0.901961,33250,0.3,1008.54565
"15","All Fire","10520_13",0.025277,"Southern Rocky Mountain Mesic Montane Mixed Conifer Forest and Woodland",55,0.901961,1,0,0.025277
"16","All Fire","10520_17",0.0298724,"Southern Rocky Mountain Mesic Montane Mixed Conifer Forest and Woodland",32,0.901961,65951,0.5,1970.1146524
"17","All Fire","10540_13_14",0.066674,"Southern Rocky Mountain Ponderosa Pine Woodland",56,0,4,0,0.266696
"18","All Fire","10540_17",0.0671124,"Southern Rocky Mountain Ponderosa Pine Woodland",82,0,6113,0,410.2581012
"19","All Fire","10550_17",0.0058586,"Rocky Mountain Subalpine Dry-Mesic Spruce-Fir Forest and Woodland",38,0.745098,21842,0.2,127.9635412
"20","All Fire","10570_12_16",0.0069324,"Rocky Mountain Subalpine-Montane Limber-Bristlecone Pine Woodland",73,0.635294,29,0,0.2010396
"21","All Fire","10610_8_9_17",0.0367526,"Inter-Mountain Basins Aspen-Mixed Conifer Forest and Woodland",28,0,80225,0.6,2948.477335
"22","All Fire","10620_13",0.0145406,"Inter-Mountain Basins Curl-leaf Mountain Mahogany Woodland and Shrubland",57,0.901961,266,0,3.8677996
"23","All Fire","10620_6_12_17_18",0.014307,"Inter-Mountain Basins Curl-leaf Mountain Mahogany Woodland and Shrubland",17,0.901961,244500,1.9,3498.0615
"24","All Fire","10620_6_12_17_18",0.014307,"Inter-Mountain Basins Curl-leaf Mountain Mahogany Woodland and Shrubland",26,0.901961,106026,0.8,1516.913982
"25","All Fire","10640_15_16_17_23_24_27_28",0.012737,"Colorado Plateau Mixed Low Sagebrush Shrubland",83,0.843137,75,0,0.955275
"26","All Fire","10790_13",0.0114656,"Great Basin Xeric Mixed Sagebrush Shrubland",58,0.811765,70,0,0.802592
"27","All Fire","10790_6_9_10_12_16_17_18",0.0118728,"Great Basin Xeric Mixed Sagebrush Shrubland",1,0.811765,1997019,15.5,23710.2071832
"28","All Fire","10790_6_9_10_12_16_17_18",0.0118728,"Great Basin Xeric Mixed Sagebrush Shrubland",2,0.811765,1970745,15.3,23398.261236
"29","All Fire","10800_13_14",0.009226,"Inter-Mountain Basins Big Sagebrush Shrubland",59,0.909804,516,0,4.760616
"30","All Fire","10803_6_12_15_16_17_18_23_24_25",0.0066022,"Inter-Mountain Basins Big Sagebrush Shrubland - Semi-Desert",8,0.909804,574199,4.5,3790.9766378
"31","All Fire","10803_6_12_15_16_17_18_23_24_25",0.0066022,"Inter-Mountain Basins Big Sagebrush Shrubland - Semi-Desert",22,0.909804,144394,1.1,953.3180668
"32","All Fire","10804_6_12_15_16_17_18_23_24_25",0.0084418,"Inter-Mountain Basins Big Sagebrush Shrubland - Upland",3,0.909804,756539,5.9,6386.5509302
"33","All Fire","10804_6_12_15_16_17_18_23_24_25",0.0084418,"Inter-Mountain Basins Big Sagebrush Shrubland - Upland",6,0.909804,638587,5,5390.8237366
"34","All Fire","10810_6_12_13_17",0.0005172,"Inter-Mountain Basins Mixed Salt Desert Scrub",4,0.478431,693207,5.4,358.5266604
"35","All Fire","10810_6_12_13_17",0.0005172,"Inter-Mountain Basins Mixed Salt Desert Scrub",11,0.478431,316519,2.5,163.7036268
"36","All Fire","10810_6_12_13_17",0.0005172,"Inter-Mountain Basins Mixed Salt Desert Scrub",60,0.478431,79,0,0.0408588
"37","All Fire","10820_12_15_16_17_23_24",0.0012436,"Mojave Mid-Elevation Mixed Desert Scrub",10,0.286275,338489,2.6,420.9449204
"38","All Fire","10820_12_15_16_17_23_24",0.0012436,"Mojave Mid-Elevation Mixed Desert Scrub",16,0.286275,262451,2,326.3840636
"39","All Fire","10820_4_13",0.0024768,"Mojave Mid-Elevation Mixed Desert Scrub",9,0.286275,476847,3.7,1181.0546496
"40","All Fire","10860_13_16_17_18_21_23",0.0458416,"Rocky Mountain Lower Montane-Foothill Shrubland",49,0.396078,18839,0.1,863.6099024
"41","All Fire","10870_4_6_12_13_14_15_17_24_25",0.0030082,"Sonora-Mojave Creosotebush-White Bursage Desert Scrub",15,0.721569,264572,2.1,795.8854904
"42","All Fire","10870_4_6_12_13_14_15_17_24_25",0.0030082,"Sonora-Mojave Creosotebush-White Bursage Desert Scrub",30,0.721569,70308,0.5,211.5005256
"43","All Fire","10870_4_6_12_13_14_15_17_24_25",0.0030082,"Sonora-Mojave Creosotebush-White Bursage Desert Scrub",50,0.721569,14314,0.1,43.0593748
"44","All Fire","10930_13_15_16_23_24_28",0.0046186,"Southern Colorado Plateau Sand Shrubland",61,0.094118,1,0,0.0046186
"45","All Fire","11030_6_7_12_13_16_17_23",0.0196952,"Great Basin Semi-Desert Chaparral",25,1,112943,0.9,2224.4349736
"46","All Fire","11030_6_7_12_13_16_17_23",0.0196952,"Great Basin Semi-Desert Chaparral",27,1,108709,0.8,2141.0454968
"47","All Fire","11030_6_7_12_13_16_17_23",0.0196952,"Great Basin Semi-Desert Chaparral",62,1,1606,0,31.6304912
"48","All Fire","11040_17",0.020164,"Mogollon Chaparral",35,0.827451,37625,0.3,758.6705
"49","All Fire","11070_13",0.0260712,"Rocky Mountain Gambel Oak-Mixed Montane Shrubland",63,0.87451,10,0,0.260712
"50","All Fire","11070_17",0.025827,"Rocky Mountain Gambel Oak-Mixed Montane Shrubland",51,0.87451,6626,0.1,171.129702
"51","All Fire","11080_17",0.0198964,"Sonora-Mojave Semi-Desert Chaparral",36,0.678431,40562,0.3,807.0377768
"52","All Fire","11090_4_13",0.000758,"Sonoran Paloverde-Mixed Cacti Desert Scrub",64,0.960784,167,0,0.126586
"53","All Fire","11150_17",0.0053592,"Inter-Mountain Basins Juniper Savanna",84,0.266667,1,0,0.0053592
"54","All Fire","11240_10_12_17_18_19_21",0.0050212,"Columbia Plateau Low Sagebrush Steppe",39,0.678431,26874,0.2,134.9397288
"55","All Fire","11240_10_12_17_18_19_21",0.0050212,"Columbia Plateau Low Sagebrush Steppe",75,0.678431,120,0,0.602544
"56","All Fire","11250_6_12_13_15_16_17_18_23_24_25_28",0.0086132,"Inter-Mountain Basins Big Sagebrush Steppe",76,0.87451,4857,0,41.8343124
"57","All Fire","11250_6_12_13_15_16_17_18_23_24_25_28",0.0086132,"Inter-Mountain Basins Big Sagebrush Steppe",85,0.87451,12,0,0.1033584
"58","All Fire","11260_13",0.0203234,"Inter-Mountain Basins Montane Sagebrush Steppe",65,0.662745,34,0,0.6909956
"59","All Fire","11260_6_12_17_18_28",0.0199184,"Inter-Mountain Basins Montane Sagebrush Steppe",14,0.662745,302087,2.3,6017.0897008
"60","All Fire","11260_6_12_17_18_28",0.0199184,"Inter-Mountain Basins Montane Sagebrush Steppe",18,0.662745,221665,1.7,4415.212136
"61","All Fire","11270_10_12_13_17_18",0.0045028,"Inter-Mountain Basins Semi-Desert Shrub-Steppe",23,0.843137,132553,1,596.8596484
"62","All Fire","11270_10_12_13_17_18",0.0045028,"Inter-Mountain Basins Semi-Desert Shrub-Steppe",37,0.843137,38983,0.3,175.5326524
"63","All Fire","11270_10_12_13_17_18",0.0045028,"Inter-Mountain Basins Semi-Desert Shrub-Steppe",41,0.843137,7930,0.1,35.707204
"64","All Fire","11350_13_14",0.0083948,"Inter-Mountain Basins Semi-Desert Grassland",66,0.827451,209,0,1.7545132
"65","All Fire","11350_7_8_9_10_12_17_18",0.0124552,"Inter-Mountain Basins Semi-Desert Grassland",45,0.827451,16628,0.1,207.1050656
"66","All Fire","11350_7_8_9_10_12_17_18",0.0124552,"Inter-Mountain Basins Semi-Desert Grassland",86,0.827451,1177,0,14.6597704
"67","All Fire","11530_6_10_12_13_17_18_19_21",0.0009976,"Inter-Mountain Basins Greasewood Flat",12,0.882353,309354,2.4,308.6115504
"68","All Fire","11530_6_10_12_13_17_18_19_21",0.0009976,"Inter-Mountain Basins Greasewood Flat",13,0.882353,312201,2.4,311.4517176
"69","All Fire","11530_6_10_12_13_17_18_19_21",0.0009976,"Inter-Mountain Basins Greasewood Flat",67,0.882353,1461,0,1.4574936
"70","All Fire","11540_13",0.0148028,"Inter-Mountain Basins Montane Riparian Systems",68,0.458824,3963,0,58.6634964
"71","All Fire","11540_6_12_16_17",0.0026152,"Inter-Mountain Basins Montane Riparian Systems",20,0.458824,148902,1.2,389.4085104
"72","All Fire","11540_6_12_16_17",0.0026152,"Inter-Mountain Basins Montane Riparian Systems",31,0.458824,70158,0.5,183.4772016
"73","All Fire","11550_13_14",0.04382,"North American Warm Desert Riparian Systems",42,0.458824,16526,0.1,724.16932
"74","All Fire","11552_13_14_15",0.001372,"North American Warm Desert Riparian Systems - Stringers",29,0.458824,58881,0.5,80.784732
"75","All Fire","11590_12_17",0.0027084,"Rocky Mountain Montane Riparian Systems",77,0.364706,9,0,0.0243756
"76","All Fire","11590_12_17",0.0027084,"Rocky Mountain Montane Riparian Systems",87,0.364706,195,0,0.528138
"77","All Fire","11600_12_17",0.0160362,"Rocky Mountain Subalpine/Upper Montane Riparian Systems",78,0.654902,8,0,0.1282896
"78","All Fire","11600_12_17",0.0160362,"Rocky Mountain Subalpine/Upper Montane Riparian Systems",88,0.654902,466,0,7.4728692
"79","All Transitions","10110_6_10_12_17_18_19",0.0352716,"Rocky Mountain Aspen Forest and Woodland",43,0.45098,15035,0.1,530.308506
"80","All Transitions","10110_6_10_12_17_18_19",0.0352716,"Rocky Mountain Aspen Forest and Woodland",47,0.45098,14915,0.1,526.075914
"81","All Transitions","10120_17_18_21",0.0221226,"Rocky Mountain Bigtooth Maple Ravine Woodland",79,0.498039,829,0,18.3396354
"82","All Transitions","10160_13_14",0.0093526,"Colorado Plateau Pinyon-Juniper Woodland",54,0.4,75,0,0.701445
"83","All Transitions","10160_17",0.02459,"Colorado Plateau Pinyon-Juniper Woodland",80,0.4,222,0,5.45898
"84","All Transitions","10190_13_14",0.0092714,"Great Basin Pinyon-Juniper Woodland",40,0,16602,0.1,153.9237828
"85","All Transitions","10190_6_7_9_12_16_17_18_19",0.0044694,"Great Basin Pinyon-Juniper Woodland",5,0,670313,5.2,2995.8969222
"86","All Transitions","10190_6_7_9_12_16_17_18_19",0.0044694,"Great Basin Pinyon-Juniper Woodland",7,0,578127,4.5,2583.8808138
"87","All Transitions","10200_6_9_12_17",0.0088654,"Inter-Mountain Basins Subalpine Limber-Bristlecone Pine Woodland",44,0.223529,19071,0.1,169.0720434
"88","All Transitions","10200_6_9_12_17",0.0088654,"Inter-Mountain Basins Subalpine Limber-Bristlecone Pine Woodland",48,0.223529,17210,0.1,152.573534
"89","All Transitions","10310_2_3_4_5_6_12",0.112264,"California Montane Jeffrey Pine(-Ponderosa Pine) Woodland",71,0,2,0,0.224528
"90","All Transitions","10330_12",0.0195746,"Mediterranean California Subalpine Woodland",72,0.635294,257,0,5.0306722
"91","All Transitions","10510_15_16_17_22_23_24_25",0.1043282,"Southern Rocky Mountain Dry-Mesic Montane Mixed Conifer Forest and Woodland",81,1,23,0,2.3995486
"92","All Transitions","10520_12",0.0575714,"Southern Rocky Mountain Mesic Montane Mixed Conifer Forest and Woodland",34,0.901961,33250,0.3,1914.24905
"93","All Transitions","10520_13",0.048097,"Southern Rocky Mountain Mesic Montane Mixed Conifer Forest and Woodland",55,0.901961,1,0,0.048097
"94","All Transitions","10520_17",0.0567488,"Southern Rocky Mountain Mesic Montane Mixed Conifer Forest and Woodland",32,0.901961,65951,0.5,3742.6401088
"95","All Transitions","10540_13_14",0.0805374,"Southern Rocky Mountain Ponderosa Pine Woodland",56,0,4,0,0.3221496
"96","All Transitions","10540_17",0.080834,"Southern Rocky Mountain Ponderosa Pine Woodland",82,0,6113,0,494.138242
"97","All Transitions","10550_17",0.0125312,"Rocky Mountain Subalpine Dry-Mesic Spruce-Fir Forest and Woodland",38,0.745098,21842,0.2,273.7064704
"98","All Transitions","10570_12_16",0.0086826,"Rocky Mountain Subalpine-Montane Limber-Bristlecone Pine Woodland",73,0.635294,29,0,0.2517954
"99","All Transitions","10610_8_9_17",0.0389938,"Inter-Mountain Basins Aspen-Mixed Conifer Forest and Woodland",28,0,80225,0.6,3128.277605
"100","All Transitions","10620_13",0.0175104,"Inter-Mountain Basins Curl-leaf Mountain Mahogany Woodland and Shrubland",57,0.901961,266,0,4.6577664
"101","All Transitions","10620_6_12_17_18",0.0172854,"Inter-Mountain Basins Curl-leaf Mountain Mahogany Woodland and Shrubland",17,0.901961,244500,1.9,4226.2803
"102","All Transitions","10620_6_12_17_18",0.0172854,"Inter-Mountain Basins Curl-leaf Mountain Mahogany Woodland and Shrubland",26,0.901961,106026,0.8,1832.7018204
"103","All Transitions","10640_15_16_17_23_24_27_28",0.0654792,"Colorado Plateau Mixed Low Sagebrush Shrubland",83,0.843137,75,0,4.91094
"104","All Transitions","10790_13",0.0328902,"Great Basin Xeric Mixed Sagebrush Shrubland",58,0.811765,70,0,2.302314
"105","All Transitions","10790_6_9_10_12_16_17_18",0.0234962,"Great Basin Xeric Mixed Sagebrush Shrubland",1,0.811765,1997019,15.5,46922.3578278
"106","All Transitions","10790_6_9_10_12_16_17_18",0.0234962,"Great Basin Xeric Mixed Sagebrush Shrubland",2,0.811765,1970745,15.3,46305.018669
"107","All Transitions","10800_13_14",0.017484,"Inter-Mountain Basins Big Sagebrush Shrubland",59,0.909804,516,0,9.021744
"108","All Transitions","10803_6_12_15_16_17_18_23_24_25",0.012666,"Inter-Mountain Basins Big Sagebrush Shrubland - Semi-Desert",8,0.909804,574199,4.5,7272.804534
"109","All Transitions","10803_6_12_15_16_17_18_23_24_25",0.012666,"Inter-Mountain Basins Big Sagebrush Shrubland - Semi-Desert",22,0.909804,144394,1.1,1828.894404
"110","All Transitions","10804_6_12_15_16_17_18_23_24_25",0.0143996,"Inter-Mountain Basins Big Sagebrush Shrubland - Upland",3,0.909804,756539,5.9,10893.8589844
"111","All Transitions","10804_6_12_15_16_17_18_23_24_25",0.0143996,"Inter-Mountain Basins Big Sagebrush Shrubland - Upland",6,0.909804,638587,5,9195.3973652
"112","All Transitions","10810_6_12_13_17",0.0277068,"Inter-Mountain Basins Mixed Salt Desert Scrub",4,0.478431,693207,5.4,19206.5477076
"113","All Transitions","10810_6_12_13_17",0.0277068,"Inter-Mountain Basins Mixed Salt Desert Scrub",11,0.478431,316519,2.5,8769.7286292
"114","All Transitions","10810_6_12_13_17",0.0277068,"Inter-Mountain Basins Mixed Salt Desert Scrub",60,0.478431,79,0,2.1888372
"115","All Transitions","10820_12_15_16_17_23_24",0.0012436,"Mojave Mid-Elevation Mixed Desert Scrub",10,0.286275,338489,2.6,420.9449204
"116","All Transitions","10820_12_15_16_17_23_24",0.0012436,"Mojave Mid-Elevation Mixed Desert Scrub",16,0.286275,262451,2,326.3840636
"117","All Transitions","10820_4_13",0.0024768,"Mojave Mid-Elevation Mixed Desert Scrub",9,0.286275,476847,3.7,1181.0546496
"118","All Transitions","10860_13_16_17_18_21_23",0.0516616,"Rocky Mountain Lower Montane-Foothill Shrubland",49,0.396078,18839,0.1,973.2528824
"119","All Transitions","10870_4_6_12_13_14_15_17_24_25",0.0141404,"Sonora-Mojave Creosotebush-White Bursage Desert Scrub",15,0.721569,264572,2.1,3741.1539088
"120","All Transitions","10870_4_6_12_13_14_15_17_24_25",0.0141404,"Sonora-Mojave Creosotebush-White Bursage Desert Scrub",30,0.721569,70308,0.5,994.1832432
"121","All Transitions","10870_4_6_12_13_14_15_17_24_25",0.0141404,"Sonora-Mojave Creosotebush-White Bursage Desert Scrub",50,0.721569,14314,0.1,202.4056856
"122","All Transitions","10880_12_13_14_25",0.032668,"Sonora-Mojave Mixed Salt Desert Scrub",74,0.431373,15,0,0.49002
"123","All Transitions","10930_13_15_16_23_24_28",0.012289,"Southern Colorado Plateau Sand Shrubland",61,0.094118,1,0,0.012289
"124","All Transitions","11030_6_7_12_13_16_17_23",0.0196952,"Great Basin Semi-Desert Chaparral",25,1,112943,0.9,2224.4349736
"125","All Transitions","11030_6_7_12_13_16_17_23",0.0196952,"Great Basin Semi-Desert Chaparral",27,1,108709,0.8,2141.0454968
"126","All Transitions","11030_6_7_12_13_16_17_23",0.0196952,"Great Basin Semi-Desert Chaparral",62,1,1606,0,31.6304912
"127","All Transitions","11040_17",0.020164,"Mogollon Chaparral",35,0.827451,37625,0.3,758.6705
"128","All Transitions","11070_13",0.0359564,"Rocky Mountain Gambel Oak-Mixed Montane Shrubland",63,0.87451,10,0,0.359564
"129","All Transitions","11070_17",0.0355108,"Rocky Mountain Gambel Oak-Mixed Montane Shrubland",51,0.87451,6626,0.1,235.2945608
"130","All Transitions","11080_17",0.0198964,"Sonora-Mojave Semi-Desert Chaparral",36,0.678431,40562,0.3,807.0377768
"131","All Transitions","11090_4_13",0.002675,"Sonoran Paloverde-Mixed Cacti Desert Scrub",64,0.960784,167,0,0.446725
"132","All Transitions","11150_17",0.0053592,"Inter-Mountain Basins Juniper Savanna",84,0.266667,1,0,0.0053592
"133","All Transitions","11240_10_12_17_18_19_21",0.0068562,"Columbia Plateau Low Sagebrush Steppe",39,0.678431,26874,0.2,184.2535188
"134","All Transitions","11240_10_12_17_18_19_21",0.0068562,"Columbia Plateau Low Sagebrush Steppe",75,0.678431,120,0,0.822744
"135","All Transitions","11250_6_12_13_15_16_17_18_23_24_25_28",0.0315482,"Inter-Mountain Basins Big Sagebrush Steppe",76,0.87451,4857,0,153.2296074
"136","All Transitions","11250_6_12_13_15_16_17_18_23_24_25_28",0.0315482,"Inter-Mountain Basins Big Sagebrush Steppe",85,0.87451,12,0,0.3785784
"137","All Transitions","11260_13",0.0275046,"Inter-Mountain Basins Montane Sagebrush Steppe",65,0.662745,34,0,0.9351564
"138","All Transitions","11260_6_12_17_18_28",0.0268572,"Inter-Mountain Basins Montane Sagebrush Steppe",14,0.662745,302087,2.3,8113.2109764
"139","All Transitions","11260_6_12_17_18_28",0.0268572,"Inter-Mountain Basins Montane Sagebrush Steppe",18,0.662745,221665,1.7,5953.301238
"140","All Transitions","11270_10_12_13_17_18",0.0179622,"Inter-Mountain Basins Semi-Desert Shrub-Steppe",23,0.843137,132553,1,2380.9434966
"141","All Transitions","11270_10_12_13_17_18",0.0179622,"Inter-Mountain Basins Semi-Desert Shrub-Steppe",37,0.843137,38983,0.3,700.2204426
"142","All Transitions","11270_10_12_13_17_18",0.0179622,"Inter-Mountain Basins Semi-Desert Shrub-Steppe",41,0.843137,7930,0.1,142.440246
"143","All Transitions","11350_13_14",0.0398178,"Inter-Mountain Basins Semi-Desert Grassland",66,0.827451,209,0,8.3219202
"144","All Transitions","11350_7_8_9_10_12_17_18",0.031372,"Inter-Mountain Basins Semi-Desert Grassland",45,0.827451,16628,0.1,521.653616
"145","All Transitions","11350_7_8_9_10_12_17_18",0.031372,"Inter-Mountain Basins Semi-Desert Grassland",86,0.827451,1177,0,36.924844
"146","All Transitions","11530_6_10_12_13_17_18_19_21",0.007809,"Inter-Mountain Basins Greasewood Flat",12,0.882353,309354,2.4,2415.745386
"147","All Transitions","11530_6_10_12_13_17_18_19_21",0.007809,"Inter-Mountain Basins Greasewood Flat",13,0.882353,312201,2.4,2437.977609
"148","All Transitions","11530_6_10_12_13_17_18_19_21",0.007809,"Inter-Mountain Basins Greasewood Flat",67,0.882353,1461,0,11.408949
"149","All Transitions","11540_13",0.1959826,"Inter-Mountain Basins Montane Riparian Systems",68,0.458824,3963,0,776.6790438
"150","All Transitions","11540_6_12_16_17",0.1989494,"Inter-Mountain Basins Montane Riparian Systems",20,0.458824,148902,1.2,29623.9635588
"151","All Transitions","11540_6_12_16_17",0.1989494,"Inter-Mountain Basins Montane Riparian Systems",31,0.458824,70158,0.5,13957.8920052
"152","All Transitions","11550_13_14",0.2611196,"North American Warm Desert Riparian Systems",42,0.458824,16526,0.1,4315.2625096
"153","All Transitions","11552_13_14_15",0.1210242,"North American Warm Desert Riparian Systems - Stringers",29,0.458824,58881,0.5,7126.0259202
"154","All Transitions","11590_12_17",0.2081544,"Rocky Mountain Montane Riparian Systems",77,0.364706,9,0,1.8733896
"155","All Transitions","11590_12_17",0.2081544,"Rocky Mountain Montane Riparian Systems",87,0.364706,195,0,40.590108
"156","All Transitions","11600_12_17",0.4022254,"Rocky Mountain Subalpine/Upper Montane Riparian Systems",78,0.654902,8,0,3.2178032
"157","All Transitions","11600_12_17",0.4022254,"Rocky Mountain Subalpine/Upper Montane Riparian Systems",88,0.654902,466,0,187.4370364
"158","Alternative Succession","10110_6_10_12_17_18_19",0.0008926,"Rocky Mountain Aspen Forest and Woodland",43,0.45098,15035,0.1,13.420241
"159","Alternative Succession","10110_6_10_12_17_18_19",0.0008926,"Rocky Mountain Aspen Forest and Woodland",47,0.45098,14915,0.1,13.313129
"160","Alternative Succession","10160_17",0.007521,"Colorado Plateau Pinyon-Juniper Woodland",80,0.4,222,0,1.669662
"161","Alternative Succession","10310_2_3_4_5_6_12",0.0029194,"California Montane Jeffrey Pine(-Ponderosa Pine) Woodland",71,0,2,0,0.0058388
"162","Alternative Succession","10510_15_16_17_22_23_24_25",0.0002354,"Southern Rocky Mountain Dry-Mesic Montane Mixed Conifer Forest and Woodland",81,1,23,0,0.0054142
"163","Alternative Succession","10520_12",0.0113078,"Southern Rocky Mountain Mesic Montane Mixed Conifer Forest and Woodland",34,0.901961,33250,0.3,375.98435
"164","Alternative Succession","10520_13",0.0069776,"Southern Rocky Mountain Mesic Montane Mixed Conifer Forest and Woodland",55,0.901961,1,0,0.0069776
"165","Alternative Succession","10520_17",0.0111622,"Southern Rocky Mountain Mesic Montane Mixed Conifer Forest and Woodland",32,0.901961,65951,0.5,736.1582522
"166","Alternative Succession","10540_13_14",0.009643,"Southern Rocky Mountain Ponderosa Pine Woodland",56,0,4,0,0.038572
"167","Alternative Succession","10540_17",0.009518,"Southern Rocky Mountain Ponderosa Pine Woodland",82,0,6113,0,58.183534
"168","Alternative Succession","10610_8_9_17",0.0004334,"Inter-Mountain Basins Aspen-Mixed Conifer Forest and Woodland",28,0,80225,0.6,34.769515
"169","Alternative Succession","10620_13",8.66e-05,"Inter-Mountain Basins Curl-leaf Mountain Mahogany Woodland and Shrubland",57,0.901961,266,0,0.0230356
"170","Alternative Succession","10620_6_12_17_18",9.18e-05,"Inter-Mountain Basins Curl-leaf Mountain Mahogany Woodland and Shrubland",17,0.901961,244500,1.9,22.4451
"171","Alternative Succession","10620_6_12_17_18",9.18e-05,"Inter-Mountain Basins Curl-leaf Mountain Mahogany Woodland and Shrubland",26,0.901961,106026,0.8,9.7331868
"172","Alternative Succession","10640_15_16_17_23_24_27_28",0.002557,"Colorado Plateau Mixed Low Sagebrush Shrubland",83,0.843137,75,0,0.191775
"173","Alternative Succession","10790_13",0.0040344,"Great Basin Xeric Mixed Sagebrush Shrubland",58,0.811765,70,0,0.282408
"174","Alternative Succession","10790_6_9_10_12_16_17_18",0.0029442,"Great Basin Xeric Mixed Sagebrush Shrubland",1,0.811765,1997019,15.5,5879.6233398
"175","Alternative Succession","10790_6_9_10_12_16_17_18",0.0029442,"Great Basin Xeric Mixed Sagebrush Shrubland",2,0.811765,1970745,15.3,5802.267429
"176","Alternative Succession","10860_13_16_17_18_21_23",0.0008304,"Rocky Mountain Lower Montane-Foothill Shrubland",49,0.396078,18839,0.1,15.6439056
"177","Alternative Succession","11240_10_12_17_18_19_21",0.001835,"Columbia Plateau Low Sagebrush Steppe",39,0.678431,26874,0.2,49.31379
"178","Alternative Succession","11240_10_12_17_18_19_21",0.001835,"Columbia Plateau Low Sagebrush Steppe",75,0.678431,120,0,0.2202
"179","Alternative Succession","11260_13",0.0030946,"Inter-Mountain Basins Montane Sagebrush Steppe",65,0.662745,34,0,0.1052164
"180","Alternative Succession","11260_6_12_17_18_28",0.0030498,"Inter-Mountain Basins Montane Sagebrush Steppe",14,0.662745,302087,2.3,921.3049326
"181","Alternative Succession","11260_6_12_17_18_28",0.0030498,"Inter-Mountain Basins Montane Sagebrush Steppe",18,0.662745,221665,1.7,676.033917
"182","Competition or Maintenance","10160_17",0.003699,"Colorado Plateau Pinyon-Juniper Woodland",80,0.4,222,0,0.821178
"183","Competition or Maintenance","10510_15_16_17_22_23_24_25",0.0019194,"Southern Rocky Mountain Dry-Mesic Montane Mixed Conifer Forest and Woodland",81,1,23,0,0.0441462
"184","Competition or Maintenance","10550_17",0.0009182,"Rocky Mountain Subalpine Dry-Mesic Spruce-Fir Forest and Woodland",38,0.745098,21842,0.2,20.0553244
"185","Insect or Disease","10110_6_10_12_17_18_19",0.0022824,"Rocky Mountain Aspen Forest and Woodland",43,0.45098,15035,0.1,34.315884
"186","Insect or Disease","10110_6_10_12_17_18_19",0.0022824,"Rocky Mountain Aspen Forest and Woodland",47,0.45098,14915,0.1,34.041996
"187","Insect or Disease","10160_13_14",0.0028668,"Colorado Plateau Pinyon-Juniper Woodland",54,0.4,75,0,0.21501
"188","Insect or Disease","10160_17",0.0035252,"Colorado Plateau Pinyon-Juniper Woodland",80,0.4,222,0,0.7825944
"189","Insect or Disease","10190_13_14",0.0028614,"Great Basin Pinyon-Juniper Woodland",40,0,16602,0.1,47.5049628
"190","Insect or Disease","10190_6_7_9_12_16_17_18_19",0.00223,"Great Basin Pinyon-Juniper Woodland",5,0,670313,5.2,1494.79799
"191","Insect or Disease","10190_6_7_9_12_16_17_18_19",0.00223,"Great Basin Pinyon-Juniper Woodland",7,0,578127,4.5,1289.22321
"192","Insect or Disease","10310_2_3_4_5_6_12",0.001421,"California Montane Jeffrey Pine(-Ponderosa Pine) Woodland",71,0,2,0,0.002842
"193","Insect or Disease","10330_12",0.003762,"Mediterranean California Subalpine Woodland",72,0.635294,257,0,0.966834
"194","Insect or Disease","10510_15_16_17_22_23_24_25",0.0077078,"Southern Rocky Mountain Dry-Mesic Montane Mixed Conifer Forest and Woodland",81,1,23,0,0.1772794
"195","Insect or Disease","10520_12",0.0125136,"Southern Rocky Mountain Mesic Montane Mixed Conifer Forest and Woodland",34,0.901961,33250,0.3,416.0772
"196","Insect or Disease","10520_13",0.0125648,"Southern Rocky Mountain Mesic Montane Mixed Conifer Forest and Woodland",55,0.901961,1,0,0.0125648
"197","Insect or Disease","10520_17",0.0123202,"Southern Rocky Mountain Mesic Montane Mixed Conifer Forest and Woodland",32,0.901961,65951,0.5,812.5295102
"198","Insect or Disease","10540_13_14",0.0042204,"Southern Rocky Mountain Ponderosa Pine Woodland",56,0,4,0,0.0168816
"199","Insect or Disease","10540_17",0.0042036,"Southern Rocky Mountain Ponderosa Pine Woodland",82,0,6113,0,25.6966068
"200","Insect or Disease","10550_17",0.0053804,"Rocky Mountain Subalpine Dry-Mesic Spruce-Fir Forest and Woodland",38,0.745098,21842,0.2,117.5186968
"201","Insect or Disease","10610_8_9_17",0.0018078,"Inter-Mountain Basins Aspen-Mixed Conifer Forest and Woodland",28,0,80225,0.6,145.030755
"202","Insect or Disease","10790_13",0.0040256,"Great Basin Xeric Mixed Sagebrush Shrubland",58,0.811765,70,0,0.281792
"203","Insect or Disease","10790_6_9_10_12_16_17_18",0.0041096,"Great Basin Xeric Mixed Sagebrush Shrubland",1,0.811765,1997019,15.5,8206.9492824
"204","Insect or Disease","10790_6_9_10_12_16_17_18",0.0041096,"Great Basin Xeric Mixed Sagebrush Shrubland",2,0.811765,1970745,15.3,8098.973652
"205","Insect or Disease","10800_13_14",0.0003602,"Inter-Mountain Basins Big Sagebrush Shrubland",59,0.909804,516,0,0.1858632
"206","Insect or Disease","11070_13",0.0028188,"Rocky Mountain Gambel Oak-Mixed Montane Shrubland",63,0.87451,10,0,0.028188
"207","Insect or Disease","11070_17",0.0027752,"Rocky Mountain Gambel Oak-Mixed Montane Shrubland",51,0.87451,6626,0.1,18.3884752
"208","Insect or Disease","11250_6_12_13_15_16_17_18_23_24_25_28",0.0175626,"Inter-Mountain Basins Big Sagebrush Steppe",76,0.87451,4857,0,85.3015482
"209","Insect or Disease","11250_6_12_13_15_16_17_18_23_24_25_28",0.0175626,"Inter-Mountain Basins Big Sagebrush Steppe",85,0.87451,12,0,0.2107512
"210","Insect or Disease","11260_13",0.0040866,"Inter-Mountain Basins Montane Sagebrush Steppe",65,0.662745,34,0,0.1389444
"211","Insect or Disease","11260_6_12_17_18_28",0.003889,"Inter-Mountain Basins Montane Sagebrush Steppe",14,0.662745,302087,2.3,1174.816343
"212","Insect or Disease","11260_6_12_17_18_28",0.003889,"Inter-Mountain Basins Montane Sagebrush Steppe",18,0.662745,221665,1.7,862.055185
"213","Insect or Disease","11350_13_14",0.0088122,"Inter-Mountain Basins Semi-Desert Grassland",66,0.827451,209,0,1.8417498
"214","Insect or Disease","11350_7_8_9_10_12_17_18",0.0106754,"Inter-Mountain Basins Semi-Desert Grassland",45,0.827451,16628,0.1,177.5105512
"215","Insect or Disease","11350_7_8_9_10_12_17_18",0.0106754,"Inter-Mountain Basins Semi-Desert Grassland",86,0.827451,1177,0,12.5649458
"216","Mixed Fire","10110_6_10_12_17_18_19",0.0175974,"Rocky Mountain Aspen Forest and Woodland",43,0.45098,15035,0.1,264.576909
"217","Mixed Fire","10110_6_10_12_17_18_19",0.0175974,"Rocky Mountain Aspen Forest and Woodland",47,0.45098,14915,0.1,262.465221
"218","Mixed Fire","10120_17_18_21",0.0123394,"Rocky Mountain Bigtooth Maple Ravine Woodland",79,0.498039,829,0,10.2293626
"219","Mixed Fire","10160_13_14",0.0029478,"Colorado Plateau Pinyon-Juniper Woodland",54,0.4,75,0,0.221085
"220","Mixed Fire","10160_17",0.0050974,"Colorado Plateau Pinyon-Juniper Woodland",80,0.4,222,0,1.1316228
"221","Mixed Fire","10190_13_14",0.0030174,"Great Basin Pinyon-Juniper Woodland",40,0,16602,0.1,50.0948748
"222","Mixed Fire","10190_6_7_9_12_16_17_18_19",0.0011008,"Great Basin Pinyon-Juniper Woodland",5,0,670313,5.2,737.8805504
"223","Mixed Fire","10190_6_7_9_12_16_17_18_19",0.0011008,"Great Basin Pinyon-Juniper Woodland",7,0,578127,4.5,636.4022016
"224","Mixed Fire","10310_2_3_4_5_6_12",0.0120558,"California Montane Jeffrey Pine(-Ponderosa Pine) Woodland",71,0,2,0,0.0241116
"225","Mixed Fire","10330_12",0.0128652,"Mediterranean California Subalpine Woodland",72,0.635294,257,0,3.3063564
"226","Mixed Fire","10510_15_16_17_22_23_24_25",0.0129354,"Southern Rocky Mountain Dry-Mesic Montane Mixed Conifer Forest and Woodland",81,1,23,0,0.2975142
"227","Mixed Fire","10520_12",0.0110678,"Southern Rocky Mountain Mesic Montane Mixed Conifer Forest and Woodland",34,0.901961,33250,0.3,368.00435
"228","Mixed Fire","10520_13",0.0051704,"Southern Rocky Mountain Mesic Montane Mixed Conifer Forest and Woodland",55,0.901961,1,0,0.0051704
"229","Mixed Fire","10520_17",0.0109994,"Southern Rocky Mountain Mesic Montane Mixed Conifer Forest and Woodland",32,0.901961,65951,0.5,725.4214294
"230","Mixed Fire","10540_13_14",0.0260746,"Southern Rocky Mountain Ponderosa Pine Woodland",56,0,4,0,0.1042984
"231","Mixed Fire","10540_17",0.026278,"Southern Rocky Mountain Ponderosa Pine Woodland",82,0,6113,0,160.637414
"232","Mixed Fire","10550_17",6.46e-05,"Rocky Mountain Subalpine Dry-Mesic Spruce-Fir Forest and Woodland",38,0.745098,21842,0.2,1.4109932
"233","Mixed Fire","10610_8_9_17",0.0223512,"Inter-Mountain Basins Aspen-Mixed Conifer Forest and Woodland",28,0,80225,0.6,1793.12502
"234","Mixed Fire","10620_13",0.0067472,"Inter-Mountain Basins Curl-leaf Mountain Mahogany Woodland and Shrubland",57,0.901961,266,0,1.7947552
"235","Mixed Fire","10620_6_12_17_18",0.0066564,"Inter-Mountain Basins Curl-leaf Mountain Mahogany Woodland and Shrubland",17,0.901961,244500,1.9,1627.4898
"236","Mixed Fire","10620_6_12_17_18",0.0066564,"Inter-Mountain Basins Curl-leaf Mountain Mahogany Woodland and Shrubland",26,0.901961,106026,0.8,705.7514664
"237","Mixed Fire","10640_15_16_17_23_24_27_28",0.008496,"Colorado Plateau Mixed Low Sagebrush Shrubland",83,0.843137,75,0,0.6372
"238","Mixed Fire","10790_13",0.0013796,"Great Basin Xeric Mixed Sagebrush Shrubland",58,0.811765,70,0,0.096572
"239","Mixed Fire","10790_6_9_10_12_16_17_18",0.0012132,"Great Basin Xeric Mixed Sagebrush Shrubland",1,0.811765,1997019,15.5,2422.7834508
"240","Mixed Fire","10790_6_9_10_12_16_17_18",0.0012132,"Great Basin Xeric Mixed Sagebrush Shrubland",2,0.811765,1970745,15.3,2390.907834
"241","Mixed Fire","10860_13_16_17_18_21_23",0.036162,"Rocky Mountain Lower Montane-Foothill Shrubland",49,0.396078,18839,0.1,681.255918
"242","Mixed Fire","11070_13",0.0194514,"Rocky Mountain Gambel Oak-Mixed Montane Shrubland",63,0.87451,10,0,0.194514
"243","Mixed Fire","11070_17",0.0193114,"Rocky Mountain Gambel Oak-Mixed Montane Shrubland",51,0.87451,6626,0.1,127.9573364
"244","Mixed Fire","11150_17",0.0023278,"Inter-Mountain Basins Juniper Savanna",84,0.266667,1,0,0.0023278
"245","Mixed Fire","11550_13_14",0.0425516,"North American Warm Desert Riparian Systems",42,0.458824,16526,0.1,703.2077416
"246","Native Grazing","10620_13",0.0028832,"Inter-Mountain Basins Curl-leaf Mountain Mahogany Woodland and Shrubland",57,0.901961,266,0,0.7669312
"247","Native Grazing","10620_6_12_17_18",0.0028866,"Inter-Mountain Basins Curl-leaf Mountain Mahogany Woodland and Shrubland",17,0.901961,244500,1.9,705.7737
"248","Native Grazing","10620_6_12_17_18",0.0028866,"Inter-Mountain Basins Curl-leaf Mountain Mahogany Woodland and Shrubland",26,0.901961,106026,0.8,306.0546516
"249","Native Grazing","10640_15_16_17_23_24_27_28",0.0501852,"Colorado Plateau Mixed Low Sagebrush Shrubland",83,0.843137,75,0,3.76389
"250","Non Fire Disturbances","10110_6_10_12_17_18_19",0.0022824,"Rocky Mountain Aspen Forest and Woodland",43,0.45098,15035,0.1,34.315884
"251","Non Fire Disturbances","10110_6_10_12_17_18_19",0.0022824,"Rocky Mountain Aspen Forest and Woodland",47,0.45098,14915,0.1,34.041996
"252","Non Fire Disturbances","10120_17_18_21",0.0023144,"Rocky Mountain Bigtooth Maple Ravine Woodland",79,0.498039,829,0,1.9186376
"253","Non Fire Disturbances","10160_13_14",0.0028668,"Colorado Plateau Pinyon-Juniper Woodland",54,0.4,75,0,0.21501
"254","Non Fire Disturbances","10160_17",0.0092234,"Colorado Plateau Pinyon-Juniper Woodland",80,0.4,222,0,2.0475948
"255","Non Fire Disturbances","10190_13_14",0.0028614,"Great Basin Pinyon-Juniper Woodland",40,0,16602,0.1,47.5049628
"256","Non Fire Disturbances","10190_6_7_9_12_16_17_18_19",0.00223,"Great Basin Pinyon-Juniper Woodland",5,0,670313,5.2,1494.79799
"257","Non Fire Disturbances","10190_6_7_9_12_16_17_18_19",0.00223,"Great Basin Pinyon-Juniper Woodland",7,0,578127,4.5,1289.22321
"258","Non Fire Disturbances","10200_6_9_12_17",0.001792,"Inter-Mountain Basins Subalpine Limber-Bristlecone Pine Woodland",44,0.223529,19071,0.1,34.175232
"259","Non Fire Disturbances","10200_6_9_12_17",0.001792,"Inter-Mountain Basins Subalpine Limber-Bristlecone Pine Woodland",48,0.223529,17210,0.1,30.84032
"260","Non Fire Disturbances","10310_2_3_4_5_6_12",0.001421,"California Montane Jeffrey Pine(-Ponderosa Pine) Woodland",71,0,2,0,0.002842
"261","Non Fire Disturbances","10330_12",0.003762,"Mediterranean California Subalpine Woodland",72,0.635294,257,0,0.966834
"262","Non Fire Disturbances","10510_15_16_17_22_23_24_25",0.010599,"Southern Rocky Mountain Dry-Mesic Montane Mixed Conifer Forest and Woodland",81,1,23,0,0.243777
"263","Non Fire Disturbances","10520_12",0.0159314,"Southern Rocky Mountain Mesic Montane Mixed Conifer Forest and Woodland",34,0.901961,33250,0.3,529.71905
"264","Non Fire Disturbances","10520_13",0.0158424,"Southern Rocky Mountain Mesic Montane Mixed Conifer Forest and Woodland",55,0.901961,1,0,0.0158424
"265","Non Fire Disturbances","10520_17",0.0157142,"Southern Rocky Mountain Mesic Montane Mixed Conifer Forest and Woodland",32,0.901961,65951,0.5,1036.3672042
"266","Non Fire Disturbances","10540_13_14",0.0042204,"Southern Rocky Mountain Ponderosa Pine Woodland",56,0,4,0,0.0168816
"267","Non Fire Disturbances","10540_17",0.0042036,"Southern Rocky Mountain Ponderosa Pine Woodland",82,0,6113,0,25.6966068
"268","Non Fire Disturbances","10550_17",0.0066726,"Rocky Mountain Subalpine Dry-Mesic Spruce-Fir Forest and Woodland",38,0.745098,21842,0.2,145.7429292
"269","Non Fire Disturbances","10570_12_16",0.0017502,"Rocky Mountain Subalpine-Montane Limber-Bristlecone Pine Woodland",73,0.635294,29,0,0.0507558
"270","Non Fire Disturbances","10610_8_9_17",0.0018078,"Inter-Mountain Basins Aspen-Mixed Conifer Forest and Woodland",28,0,80225,0.6,145.030755
"271","Non Fire Disturbances","10620_13",0.0028832,"Inter-Mountain Basins Curl-leaf Mountain Mahogany Woodland and Shrubland",57,0.901961,266,0,0.7669312
"272","Non Fire Disturbances","10620_6_12_17_18",0.0028866,"Inter-Mountain Basins Curl-leaf Mountain Mahogany Woodland and Shrubland",17,0.901961,244500,1.9,705.7737
"273","Non Fire Disturbances","10620_6_12_17_18",0.0028866,"Inter-Mountain Basins Curl-leaf Mountain Mahogany Woodland and Shrubland",26,0.901961,106026,0.8,306.0546516
"274","Non Fire Disturbances","10640_15_16_17_23_24_27_28",0.0501852,"Colorado Plateau Mixed Low Sagebrush Shrubland",83,0.843137,75,0,3.76389
"275","Non Fire Disturbances","10790_13",0.0173902,"Great Basin Xeric Mixed Sagebrush Shrubland",58,0.811765,70,0,1.217314
"276","Non Fire Disturbances","10790_6_9_10_12_16_17_18",0.0086792,"Great Basin Xeric Mixed Sagebrush Shrubland",1,0.811765,1997019,15.5,17332.5273048
"277","Non Fire Disturbances","10790_6_9_10_12_16_17_18",0.0086792,"Great Basin Xeric Mixed Sagebrush Shrubland",2,0.811765,1970745,15.3,17104.490004
"278","Non Fire Disturbances","10800_13_14",0.008258,"Inter-Mountain Basins Big Sagebrush Shrubland",59,0.909804,516,0,4.261128
"279","Non Fire Disturbances","10803_6_12_15_16_17_18_23_24_25",0.0060638,"Inter-Mountain Basins Big Sagebrush Shrubland - Semi-Desert",8,0.909804,574199,4.5,3481.8278962
"280","Non Fire Disturbances","10803_6_12_15_16_17_18_23_24_25",0.0060638,"Inter-Mountain Basins Big Sagebrush Shrubland - Semi-Desert",22,0.909804,144394,1.1,875.5763372
"281","Non Fire Disturbances","10804_6_12_15_16_17_18_23_24_25",0.0059578,"Inter-Mountain Basins Big Sagebrush Shrubland - Upland",3,0.909804,756539,5.9,4507.3080542
"282","Non Fire Disturbances","10804_6_12_15_16_17_18_23_24_25",0.0059578,"Inter-Mountain Basins Big Sagebrush Shrubland - Upland",6,0.909804,638587,5,3804.5736286
"283","Non Fire Disturbances","10810_6_12_13_17",0.0271896,"Inter-Mountain Basins Mixed Salt Desert Scrub",4,0.478431,693207,5.4,18848.0210472
"284","Non Fire Disturbances","10810_6_12_13_17",0.0271896,"Inter-Mountain Basins Mixed Salt Desert Scrub",11,0.478431,316519,2.5,8606.0250024
"285","Non Fire Disturbances","10810_6_12_13_17",0.0271896,"Inter-Mountain Basins Mixed Salt Desert Scrub",60,0.478431,79,0,2.1479784
"286","Non Fire Disturbances","10860_13_16_17_18_21_23",0.0049896,"Rocky Mountain Lower Montane-Foothill Shrubland",49,0.396078,18839,0.1,93.9990744
"287","Non Fire Disturbances","10870_4_6_12_13_14_15_17_24_25",0.0111322,"Sonora-Mojave Creosotebush-White Bursage Desert Scrub",15,0.721569,264572,2.1,2945.2684184
"288","Non Fire Disturbances","10870_4_6_12_13_14_15_17_24_25",0.0111322,"Sonora-Mojave Creosotebush-White Bursage Desert Scrub",30,0.721569,70308,0.5,782.6827176
"289","Non Fire Disturbances","10870_4_6_12_13_14_15_17_24_25",0.0111322,"Sonora-Mojave Creosotebush-White Bursage Desert Scrub",50,0.721569,14314,0.1,159.3463108
"290","Non Fire Disturbances","10880_12_13_14_25",0.032668,"Sonora-Mojave Mixed Salt Desert Scrub",74,0.431373,15,0,0.49002
"291","Non Fire Disturbances","10930_13_15_16_23_24_28",0.0076704,"Southern Colorado Plateau Sand Shrubland",61,0.094118,1,0,0.0076704
"292","Non Fire Disturbances","11070_13",0.0098852,"Rocky Mountain Gambel Oak-Mixed Montane Shrubland",63,0.87451,10,0,0.098852
"293","Non Fire Disturbances","11070_17",0.0096838,"Rocky Mountain Gambel Oak-Mixed Montane Shrubland",51,0.87451,6626,0.1,64.1648588
"294","Non Fire Disturbances","11090_4_13",0.001917,"Sonoran Paloverde-Mixed Cacti Desert Scrub",64,0.960784,167,0,0.320139
"295","Non Fire Disturbances","11250_6_12_13_15_16_17_18_23_24_25_28",0.022935,"Inter-Mountain Basins Big Sagebrush Steppe",76,0.87451,4857,0,111.395295
"296","Non Fire Disturbances","11250_6_12_13_15_16_17_18_23_24_25_28",0.022935,"Inter-Mountain Basins Big Sagebrush Steppe",85,0.87451,12,0,0.27522
"297","Non Fire Disturbances","11260_13",0.0040866,"Inter-Mountain Basins Montane Sagebrush Steppe",65,0.662745,34,0,0.1389444
"298","Non Fire Disturbances","11260_6_12_17_18_28",0.003889,"Inter-Mountain Basins Montane Sagebrush Steppe",14,0.662745,302087,2.3,1174.816343
"299","Non Fire Disturbances","11260_6_12_17_18_28",0.003889,"Inter-Mountain Basins Montane Sagebrush Steppe",18,0.662745,221665,1.7,862.055185
"300","Non Fire Disturbances","11270_10_12_13_17_18",0.0134594,"Inter-Mountain Basins Semi-Desert Shrub-Steppe",23,0.843137,132553,1,1784.0838482
"301","Non Fire Disturbances","11270_10_12_13_17_18",0.0134594,"Inter-Mountain Basins Semi-Desert Shrub-Steppe",37,0.843137,38983,0.3,524.6877902
"302","Non Fire Disturbances","11270_10_12_13_17_18",0.0134594,"Inter-Mountain Basins Semi-Desert Shrub-Steppe",41,0.843137,7930,0.1,106.733042
"303","Non Fire Disturbances","11350_13_14",0.031423,"Inter-Mountain Basins Semi-Desert Grassland",66,0.827451,209,0,6.567407
"304","Non Fire Disturbances","11350_7_8_9_10_12_17_18",0.0189168,"Inter-Mountain Basins Semi-Desert Grassland",45,0.827451,16628,0.1,314.5485504
"305","Non Fire Disturbances","11350_7_8_9_10_12_17_18",0.0189168,"Inter-Mountain Basins Semi-Desert Grassland",86,0.827451,1177,0,22.2650736
"306","Non Fire Disturbances","11530_6_10_12_13_17_18_19_21",0.0068114,"Inter-Mountain Basins Greasewood Flat",12,0.882353,309354,2.4,2107.1338356
"307","Non Fire Disturbances","11530_6_10_12_13_17_18_19_21",0.0068114,"Inter-Mountain Basins Greasewood Flat",13,0.882353,312201,2.4,2126.5258914
"308","Non Fire Disturbances","11530_6_10_12_13_17_18_19_21",0.0068114,"Inter-Mountain Basins Greasewood Flat",67,0.882353,1461,0,9.9514554
"309","Non Fire Disturbances","11540_13",0.1811798,"Inter-Mountain Basins Montane Riparian Systems",68,0.458824,3963,0,718.0155474
"310","Non Fire Disturbances","11540_6_12_16_17",0.1963342,"Inter-Mountain Basins Montane Riparian Systems",20,0.458824,148902,1.2,29234.5550484
"311","Non Fire Disturbances","11540_6_12_16_17",0.1963342,"Inter-Mountain Basins Montane Riparian Systems",31,0.458824,70158,0.5,13774.4148036
"312","Non Fire Disturbances","11550_13_14",0.2172996,"North American Warm Desert Riparian Systems",42,0.458824,16526,0.1,3591.0931896
"313","Non Fire Disturbances","11552_13_14_15",0.1196522,"North American Warm Desert Riparian Systems - Stringers",29,0.458824,58881,0.5,7045.2411882
"314","Non Fire Disturbances","11590_12_17",0.205446,"Rocky Mountain Montane Riparian Systems",77,0.364706,9,0,1.849014
"315","Non Fire Disturbances","11590_12_17",0.205446,"Rocky Mountain Montane Riparian Systems",87,0.364706,195,0,40.06197
"316","Non Fire Disturbances","11600_12_17",0.3861892,"Rocky Mountain Subalpine/Upper Montane Riparian Systems",78,0.654902,8,0,3.0895136
"317","Non Fire Disturbances","11600_12_17",0.3861892,"Rocky Mountain Subalpine/Upper Montane Riparian Systems",88,0.654902,466,0,179.9641672
"318","Non Replacement Fire","10110_6_10_12_17_18_19",0.0175974,"Rocky Mountain Aspen Forest and Woodland",43,0.45098,15035,0.1,264.576909
"319","Non Replacement Fire","10110_6_10_12_17_18_19",0.0175974,"Rocky Mountain Aspen Forest and Woodland",47,0.45098,14915,0.1,262.465221
"320","Non Replacement Fire","10120_17_18_21",0.0123394,"Rocky Mountain Bigtooth Maple Ravine Woodland",79,0.498039,829,0,10.2293626
"321","Non Replacement Fire","10160_13_14",0.004275,"Colorado Plateau Pinyon-Juniper Woodland",54,0.4,75,0,0.320625
"322","Non Replacement Fire","10160_17",0.0055548,"Colorado Plateau Pinyon-Juniper Woodland",80,0.4,222,0,1.2331656
"323","Non Replacement Fire","10190_13_14",0.0043198,"Great Basin Pinyon-Juniper Woodland",40,0,16602,0.1,71.7173196
"324","Non Replacement Fire","10190_6_7_9_12_16_17_18_19",0.0011008,"Great Basin Pinyon-Juniper Woodland",5,0,670313,5.2,737.8805504
"325","Non Replacement Fire","10190_6_7_9_12_16_17_18_19",0.0011008,"Great Basin Pinyon-Juniper Woodland",7,0,578127,4.5,636.4022016
"326","Non Replacement Fire","10200_6_9_12_17",0.0050352,"Inter-Mountain Basins Subalpine Limber-Bristlecone Pine Woodland",44,0.223529,19071,0.1,96.0262992
"327","Non Replacement Fire","10200_6_9_12_17",0.0050352,"Inter-Mountain Basins Subalpine Limber-Bristlecone Pine Woodland",48,0.223529,17210,0.1,86.655792
"328","Non Replacement Fire","10310_2_3_4_5_6_12",0.10176,"California Montane Jeffrey Pine(-Ponderosa Pine) Woodland",71,0,2,0,0.20352
"329","Non Replacement Fire","10330_12",0.0128652,"Mediterranean California Subalpine Woodland",72,0.635294,257,0,3.3063564
"330","Non Replacement Fire","10510_15_16_17_22_23_24_25",0.0826982,"Southern Rocky Mountain Dry-Mesic Montane Mixed Conifer Forest and Woodland",81,1,23,0,1.9020586
"331","Non Replacement Fire","10520_12",0.024874,"Southern Rocky Mountain Mesic Montane Mixed Conifer Forest and Woodland",34,0.901961,33250,0.3,827.0605
"332","Non Replacement Fire","10520_13",0.020669,"Southern Rocky Mountain Mesic Montane Mixed Conifer Forest and Woodland",55,0.901961,1,0,0.020669
"333","Non Replacement Fire","10520_17",0.024509,"Southern Rocky Mountain Mesic Montane Mixed Conifer Forest and Woodland",32,0.901961,65951,0.5,1616.393059
"334","Non Replacement Fire","10540_13_14",0.0626374,"Southern Rocky Mountain Ponderosa Pine Woodland",56,0,4,0,0.2505496
"335","Non Replacement Fire","10540_17",0.0631726,"Southern Rocky Mountain Ponderosa Pine Woodland",82,0,6113,0,386.1741038
"336","Non Replacement Fire","10550_17",6.46e-05,"Rocky Mountain Subalpine Dry-Mesic Spruce-Fir Forest and Woodland",38,0.745098,21842,0.2,1.4109932
"337","Non Replacement Fire","10570_12_16",0.0049564,"Rocky Mountain Subalpine-Montane Limber-Bristlecone Pine Woodland",73,0.635294,29,0,0.1437356
"338","Non Replacement Fire","10610_8_9_17",0.0223512,"Inter-Mountain Basins Aspen-Mixed Conifer Forest and Woodland",28,0,80225,0.6,1793.12502
"339","Non Replacement Fire","10620_13",0.0110366,"Inter-Mountain Basins Curl-leaf Mountain Mahogany Woodland and Shrubland",57,0.901961,266,0,2.9357356
"340","Non Replacement Fire","10620_6_12_17_18",0.0108182,"Inter-Mountain Basins Curl-leaf Mountain Mahogany Woodland and Shrubland",17,0.901961,244500,1.9,2645.0499
"341","Non Replacement Fire","10620_6_12_17_18",0.0108182,"Inter-Mountain Basins Curl-leaf Mountain Mahogany Woodland and Shrubland",26,0.901961,106026,0.8,1147.0104732
"342","Non Replacement Fire","10640_15_16_17_23_24_27_28",0.008496,"Colorado Plateau Mixed Low Sagebrush Shrubland",83,0.843137,75,0,0.6372
"343","Non Replacement Fire","10790_13",0.0013796,"Great Basin Xeric Mixed Sagebrush Shrubland",58,0.811765,70,0,0.096572
"344","Non Replacement Fire","10790_6_9_10_12_16_17_18",0.0012132,"Great Basin Xeric Mixed Sagebrush Shrubland",1,0.811765,1997019,15.5,2422.7834508
"345","Non Replacement Fire","10790_6_9_10_12_16_17_18",0.0012132,"Great Basin Xeric Mixed Sagebrush Shrubland",2,0.811765,1970745,15.3,2390.907834
"346","Non Replacement Fire","10860_13_16_17_18_21_23",0.036162,"Rocky Mountain Lower Montane-Foothill Shrubland",49,0.396078,18839,0.1,681.255918
"347","Non Replacement Fire","11070_13",0.0194514,"Rocky Mountain Gambel Oak-Mixed Montane Shrubland",63,0.87451,10,0,0.194514
"348","Non Replacement Fire","11070_17",0.0193114,"Rocky Mountain Gambel Oak-Mixed Montane Shrubland",51,0.87451,6626,0.1,127.9573364
"349","Non Replacement Fire","11150_17",0.0041044,"Inter-Mountain Basins Juniper Savanna",84,0.266667,1,0,0.0041044
"350","Non Replacement Fire","11550_13_14",0.0425516,"North American Warm Desert Riparian Systems",42,0.458824,16526,0.1,703.2077416
"351","Non Replacement Fire","11600_12_17",0.0124044,"Rocky Mountain Subalpine/Upper Montane Riparian Systems",78,0.654902,8,0,0.0992352
"352","Non Replacement Fire","11600_12_17",0.0124044,"Rocky Mountain Subalpine/Upper Montane Riparian Systems",88,0.654902,466,0,5.7804504
"353","Optional 1","11090_4_13",0.0009666,"Sonoran Paloverde-Mixed Cacti Desert Scrub",64,0.960784,167,0,0.1614222
"354","Optional 1","11540_6_12_16_17",0.0683358,"Inter-Mountain Basins Montane Riparian Systems",20,0.458824,148902,1.2,10175.3372916
"355","Optional 1","11540_6_12_16_17",0.0683358,"Inter-Mountain Basins Montane Riparian Systems",31,0.458824,70158,0.5,4794.3030564
"356","Optional 1","11550_13_14",0.0154214,"North American Warm Desert Riparian Systems",42,0.458824,16526,0.1,254.8540564
"357","Optional 1","11590_12_17",0.0713336,"Rocky Mountain Montane Riparian Systems",77,0.364706,9,0,0.6420024
"358","Optional 1","11590_12_17",0.0713336,"Rocky Mountain Montane Riparian Systems",87,0.364706,195,0,13.910052
"359","Optional 1","11600_12_17",0.0623302,"Rocky Mountain Subalpine/Upper Montane Riparian Systems",78,0.654902,8,0,0.4986416
"360","Optional 1","11600_12_17",0.0623302,"Rocky Mountain Subalpine/Upper Montane Riparian Systems",88,0.654902,466,0,29.0458732
"361","Optional 2","11550_13_14",0.1615814,"North American Warm Desert Riparian Systems",42,0.458824,16526,0.1,2670.2942164
"362","Optional 2","11600_12_17",0.0124672,"Rocky Mountain Subalpine/Upper Montane Riparian Systems",78,0.654902,8,0,0.0997376
"363","Optional 2","11600_12_17",0.0124672,"Rocky Mountain Subalpine/Upper Montane Riparian Systems",88,0.654902,466,0,5.8097152
"364","Optional Types","11090_4_13",0.0009666,"Sonoran Paloverde-Mixed Cacti Desert Scrub",64,0.960784,167,0,0.1614222
"365","Optional Types","11540_6_12_16_17",0.0683358,"Inter-Mountain Basins Montane Riparian Systems",20,0.458824,148902,1.2,10175.3372916
"366","Optional Types","11540_6_12_16_17",0.0683358,"Inter-Mountain Basins Montane Riparian Systems",31,0.458824,70158,0.5,4794.3030564
"367","Optional Types","11550_13_14",0.1770028,"North American Warm Desert Riparian Systems",42,0.458824,16526,0.1,2925.1482728
"368","Optional Types","11590_12_17",0.0713336,"Rocky Mountain Montane Riparian Systems",77,0.364706,9,0,0.6420024
"369","Optional Types","11590_12_17",0.0713336,"Rocky Mountain Montane Riparian Systems",87,0.364706,195,0,13.910052
"370","Optional Types","11600_12_17",0.0747974,"Rocky Mountain Subalpine/Upper Montane Riparian Systems",78,0.654902,8,0,0.5983792
"371","Optional Types","11600_12_17",0.0747974,"Rocky Mountain Subalpine/Upper Montane Riparian Systems",88,0.654902,466,0,34.8555884
"372","Replacement Fire","10110_6_10_12_17_18_19",0.0144992,"Rocky Mountain Aspen Forest and Woodland",43,0.45098,15035,0.1,217.995472
"373","Replacement Fire","10110_6_10_12_17_18_19",0.0144992,"Rocky Mountain Aspen Forest and Woodland",47,0.45098,14915,0.1,216.255568
"374","Replacement Fire","10120_17_18_21",0.0074688,"Rocky Mountain Bigtooth Maple Ravine Woodland",79,0.498039,829,0,6.1916352
"375","Replacement Fire","10160_13_14",0.0022108,"Colorado Plateau Pinyon-Juniper Woodland",54,0.4,75,0,0.16581
"376","Replacement Fire","10160_17",0.0022908,"Colorado Plateau Pinyon-Juniper Woodland",80,0.4,222,0,0.5085576
"377","Replacement Fire","10190_13_14",0.0020902,"Great Basin Pinyon-Juniper Woodland",40,0,16602,0.1,34.7015004
"378","Replacement Fire","10190_6_7_9_12_16_17_18_19",0.0011386,"Great Basin Pinyon-Juniper Woodland",5,0,670313,5.2,763.2183818
"379","Replacement Fire","10190_6_7_9_12_16_17_18_19",0.0011386,"Great Basin Pinyon-Juniper Woodland",7,0,578127,4.5,658.2554022
"380","Replacement Fire","10200_6_9_12_17",0.0020382,"Inter-Mountain Basins Subalpine Limber-Bristlecone Pine Woodland",44,0.223529,19071,0.1,38.8705122
"381","Replacement Fire","10200_6_9_12_17",0.0020382,"Inter-Mountain Basins Subalpine Limber-Bristlecone Pine Woodland",48,0.223529,17210,0.1,35.077422
"382","Replacement Fire","10310_2_3_4_5_6_12",0.0061636,"California Montane Jeffrey Pine(-Ponderosa Pine) Woodland",71,0,2,0,0.0123272
"383","Replacement Fire","10330_12",0.0029474,"Mediterranean California Subalpine Woodland",72,0.635294,257,0,0.7574818
"384","Replacement Fire","10510_15_16_17_22_23_24_25",0.0107956,"Southern Rocky Mountain Dry-Mesic Montane Mixed Conifer Forest and Woodland",81,1,23,0,0.2482988
"385","Replacement Fire","10520_12",0.0054582,"Southern Rocky Mountain Mesic Montane Mixed Conifer Forest and Woodland",34,0.901961,33250,0.3,181.48515
"386","Replacement Fire","10520_13",0.004608,"Southern Rocky Mountain Mesic Montane Mixed Conifer Forest and Woodland",55,0.901961,1,0,0.004608
"387","Replacement Fire","10520_17",0.0053634,"Southern Rocky Mountain Mesic Montane Mixed Conifer Forest and Woodland",32,0.901961,65951,0.5,353.7215934
"388","Replacement Fire","10540_13_14",0.0040366,"Southern Rocky Mountain Ponderosa Pine Woodland",56,0,4,0,0.0161464
"389","Replacement Fire","10540_17",0.0039398,"Southern Rocky Mountain Ponderosa Pine Woodland",82,0,6113,0,24.0839974
"390","Replacement Fire","10550_17",0.005794,"Rocky Mountain Subalpine Dry-Mesic Spruce-Fir Forest and Woodland",38,0.745098,21842,0.2,126.552548
"391","Replacement Fire","10570_12_16",0.001976,"Rocky Mountain Subalpine-Montane Limber-Bristlecone Pine Woodland",73,0.635294,29,0,0.057304
"392","Replacement Fire","10610_8_9_17",0.0144014,"Inter-Mountain Basins Aspen-Mixed Conifer Forest and Woodland",28,0,80225,0.6,1155.352315
"393","Replacement Fire","10620_13",0.003504,"Inter-Mountain Basins Curl-leaf Mountain Mahogany Woodland and Shrubland",57,0.901961,266,0,0.932064
"394","Replacement Fire","10620_6_12_17_18",0.0034888,"Inter-Mountain Basins Curl-leaf Mountain Mahogany Woodland and Shrubland",17,0.901961,244500,1.9,853.0116
"395","Replacement Fire","10620_6_12_17_18",0.0034888,"Inter-Mountain Basins Curl-leaf Mountain Mahogany Woodland and Shrubland",26,0.901961,106026,0.8,369.9035088
"396","Replacement Fire","10640_15_16_17_23_24_27_28",0.004241,"Colorado Plateau Mixed Low Sagebrush Shrubland",83,0.843137,75,0,0.318075
"397","Replacement Fire","10790_13",0.010086,"Great Basin Xeric Mixed Sagebrush Shrubland",58,0.811765,70,0,0.70602
"398","Replacement Fire","10790_6_9_10_12_16_17_18",0.0106596,"Great Basin Xeric Mixed Sagebrush Shrubland",1,0.811765,1997019,15.5,21287.4237324
"399","Replacement Fire","10790_6_9_10_12_16_17_18",0.0106596,"Great Basin Xeric Mixed Sagebrush Shrubland",2,0.811765,1970745,15.3,21007.353402
"400","Replacement Fire","10800_13_14",0.009226,"Inter-Mountain Basins Big Sagebrush Shrubland",59,0.909804,516,0,4.760616
"401","Replacement Fire","10803_6_12_15_16_17_18_23_24_25",0.0066022,"Inter-Mountain Basins Big Sagebrush Shrubland - Semi-Desert",8,0.909804,574199,4.5,3790.9766378
"402","Replacement Fire","10803_6_12_15_16_17_18_23_24_25",0.0066022,"Inter-Mountain Basins Big Sagebrush Shrubland - Semi-Desert",22,0.909804,144394,1.1,953.3180668
"403","Replacement Fire","10804_6_12_15_16_17_18_23_24_25",0.0084418,"Inter-Mountain Basins Big Sagebrush Shrubland - Upland",3,0.909804,756539,5.9,6386.5509302
"404","Replacement Fire","10804_6_12_15_16_17_18_23_24_25",0.0084418,"Inter-Mountain Basins Big Sagebrush Shrubland - Upland",6,0.909804,638587,5,5390.8237366
"405","Replacement Fire","10810_6_12_13_17",0.0005172,"Inter-Mountain Basins Mixed Salt Desert Scrub",4,0.478431,693207,5.4,358.5266604
"406","Replacement Fire","10810_6_12_13_17",0.0005172,"Inter-Mountain Basins Mixed Salt Desert Scrub",11,0.478431,316519,2.5,163.7036268
"407","Replacement Fire","10810_6_12_13_17",0.0005172,"Inter-Mountain Basins Mixed Salt Desert Scrub",60,0.478431,79,0,0.0408588
"408","Replacement Fire","10820_12_15_16_17_23_24",0.0012436,"Mojave Mid-Elevation Mixed Desert Scrub",10,0.286275,338489,2.6,420.9449204
"409","Replacement Fire","10820_12_15_16_17_23_24",0.0012436,"Mojave Mid-Elevation Mixed Desert Scrub",16,0.286275,262451,2,326.3840636
"410","Replacement Fire","10820_4_13",0.0024768,"Mojave Mid-Elevation Mixed Desert Scrub",9,0.286275,476847,3.7,1181.0546496
"411","Replacement Fire","10860_13_16_17_18_21_23",0.0096796,"Rocky Mountain Lower Montane-Foothill Shrubland",49,0.396078,18839,0.1,182.3539844
"412","Replacement Fire","10870_4_6_12_13_14_15_17_24_25",0.0030082,"Sonora-Mojave Creosotebush-White Bursage Desert Scrub",15,0.721569,264572,2.1,795.8854904
"413","Replacement Fire","10870_4_6_12_13_14_15_17_24_25",0.0030082,"Sonora-Mojave Creosotebush-White Bursage Desert Scrub",30,0.721569,70308,0.5,211.5005256
"414","Replacement Fire","10870_4_6_12_13_14_15_17_24_25",0.0030082,"Sonora-Mojave Creosotebush-White Bursage Desert Scrub",50,0.721569,14314,0.1,43.0593748
"415","Replacement Fire","10930_13_15_16_23_24_28",0.0046186,"Southern Colorado Plateau Sand Shrubland",61,0.094118,1,0,0.0046186
"416","Replacement Fire","11030_6_7_12_13_16_17_23",0.0196952,"Great Basin Semi-Desert Chaparral",25,1,112943,0.9,2224.4349736
"417","Replacement Fire","11030_6_7_12_13_16_17_23",0.0196952,"Great Basin Semi-Desert Chaparral",27,1,108709,0.8,2141.0454968
"418","Replacement Fire","11030_6_7_12_13_16_17_23",0.0196952,"Great Basin Semi-Desert Chaparral",62,1,1606,0,31.6304912
"419","Replacement Fire","11040_17",0.020164,"Mogollon Chaparral",35,0.827451,37625,0.3,758.6705
"420","Replacement Fire","11070_13",0.0066198,"Rocky Mountain Gambel Oak-Mixed Montane Shrubland",63,0.87451,10,0,0.066198
"421","Replacement Fire","11070_17",0.0065156,"Rocky Mountain Gambel Oak-Mixed Montane Shrubland",51,0.87451,6626,0.1,43.1723656
"422","Replacement Fire","11080_17",0.0198964,"Sonora-Mojave Semi-Desert Chaparral",36,0.678431,40562,0.3,807.0377768
"423","Replacement Fire","11090_4_13",0.000758,"Sonoran Paloverde-Mixed Cacti Desert Scrub",64,0.960784,167,0,0.126586
"424","Replacement Fire","11150_17",0.0012548,"Inter-Mountain Basins Juniper Savanna",84,0.266667,1,0,0.0012548
"425","Replacement Fire","11240_10_12_17_18_19_21",0.0050212,"Columbia Plateau Low Sagebrush Steppe",39,0.678431,26874,0.2,134.9397288
"426","Replacement Fire","11240_10_12_17_18_19_21",0.0050212,"Columbia Plateau Low Sagebrush Steppe",75,0.678431,120,0,0.602544
"427","Replacement Fire","11250_6_12_13_15_16_17_18_23_24_25_28",0.0086132,"Inter-Mountain Basins Big Sagebrush Steppe",76,0.87451,4857,0,41.8343124
"428","Replacement Fire","11250_6_12_13_15_16_17_18_23_24_25_28",0.0086132,"Inter-Mountain Basins Big Sagebrush Steppe",85,0.87451,12,0,0.1033584
"429","Replacement Fire","11260_13",0.0203234,"Inter-Mountain Basins Montane Sagebrush Steppe",65,0.662745,34,0,0.6909956
"430","Replacement Fire","11260_6_12_17_18_28",0.0199184,"Inter-Mountain Basins Montane Sagebrush Steppe",14,0.662745,302087,2.3,6017.0897008
"431","Replacement Fire","11260_6_12_17_18_28",0.0199184,"Inter-Mountain Basins Montane Sagebrush Steppe",18,0.662745,221665,1.7,4415.212136
"432","Replacement Fire","11270_10_12_13_17_18",0.0045028,"Inter-Mountain Basins Semi-Desert Shrub-Steppe",23,0.843137,132553,1,596.8596484
"433","Replacement Fire","11270_10_12_13_17_18",0.0045028,"Inter-Mountain Basins Semi-Desert Shrub-Steppe",37,0.843137,38983,0.3,175.5326524
"434","Replacement Fire","11270_10_12_13_17_18",0.0045028,"Inter-Mountain Basins Semi-Desert Shrub-Steppe",41,0.843137,7930,0.1,35.707204
"435","Replacement Fire","11350_13_14",0.0083948,"Inter-Mountain Basins Semi-Desert Grassland",66,0.827451,209,0,1.7545132
"436","Replacement Fire","11350_7_8_9_10_12_17_18",0.0124552,"Inter-Mountain Basins Semi-Desert Grassland",45,0.827451,16628,0.1,207.1050656
"437","Replacement Fire","11350_7_8_9_10_12_17_18",0.0124552,"Inter-Mountain Basins Semi-Desert Grassland",86,0.827451,1177,0,14.6597704
"438","Replacement Fire","11530_6_10_12_13_17_18_19_21",0.0009976,"Inter-Mountain Basins Greasewood Flat",12,0.882353,309354,2.4,308.6115504
"439","Replacement Fire","11530_6_10_12_13_17_18_19_21",0.0009976,"Inter-Mountain Basins Greasewood Flat",13,0.882353,312201,2.4,311.4517176
"440","Replacement Fire","11530_6_10_12_13_17_18_19_21",0.0009976,"Inter-Mountain Basins Greasewood Flat",67,0.882353,1461,0,1.4574936
"441","Replacement Fire","11540_13",0.0148028,"Inter-Mountain Basins Montane Riparian Systems",68,0.458824,3963,0,58.6634964
"442","Replacement Fire","11540_6_12_16_17",0.0026152,"Inter-Mountain Basins Montane Riparian Systems",20,0.458824,148902,1.2,389.4085104
"443","Replacement Fire","11540_6_12_16_17",0.0026152,"Inter-Mountain Basins Montane Riparian Systems",31,0.458824,70158,0.5,183.4772016
"444","Replacement Fire","11550_13_14",0.0012684,"North American Warm Desert Riparian Systems",42,0.458824,16526,0.1,20.9615784
"445","Replacement Fire","11552_13_14_15",0.001372,"North American Warm Desert Riparian Systems - Stringers",29,0.458824,58881,0.5,80.784732
"446","Replacement Fire","11590_12_17",0.0027084,"Rocky Mountain Montane Riparian Systems",77,0.364706,9,0,0.0243756
"447","Replacement Fire","11590_12_17",0.0027084,"Rocky Mountain Montane Riparian Systems",87,0.364706,195,0,0.528138
"448","Replacement Fire","11600_12_17",0.0036318,"Rocky Mountain Subalpine/Upper Montane Riparian Systems",78,0.654902,8,0,0.0290544
"449","Replacement Fire","11600_12_17",0.0036318,"Rocky Mountain Subalpine/Upper Montane Riparian Systems",88,0.654902,466,0,1.6924188
"450","Surface Fire","10160_13_14",0.0013272,"Colorado Plateau Pinyon-Juniper Woodland",54,0.4,75,0,0.09954
"451","Surface Fire","10160_17",0.0004574,"Colorado Plateau Pinyon-Juniper Woodland",80,0.4,222,0,0.1015428
"452","Surface Fire","10190_13_14",0.0013024,"Great Basin Pinyon-Juniper Woodland",40,0,16602,0.1,21.6224448
"453","Surface Fire","10200_6_9_12_17",0.0050352,"Inter-Mountain Basins Subalpine Limber-Bristlecone Pine Woodland",44,0.223529,19071,0.1,96.0262992
"454","Surface Fire","10200_6_9_12_17",0.0050352,"Inter-Mountain Basins Subalpine Limber-Bristlecone Pine Woodland",48,0.223529,17210,0.1,86.655792
"455","Surface Fire","10310_2_3_4_5_6_12",0.0897042,"California Montane Jeffrey Pine(-Ponderosa Pine) Woodland",71,0,2,0,0.1794084
"456","Surface Fire","10510_15_16_17_22_23_24_25",0.0697628,"Southern Rocky Mountain Dry-Mesic Montane Mixed Conifer Forest and Woodland",81,1,23,0,1.6045444
"457","Surface Fire","10520_12",0.0138062,"Southern Rocky Mountain Mesic Montane Mixed Conifer Forest and Woodland",34,0.901961,33250,0.3,459.05615
"458","Surface Fire","10520_13",0.0154986,"Southern Rocky Mountain Mesic Montane Mixed Conifer Forest and Woodland",55,0.901961,1,0,0.0154986
"459","Surface Fire","10520_17",0.0135096,"Southern Rocky Mountain Mesic Montane Mixed Conifer Forest and Woodland",32,0.901961,65951,0.5,890.9716296
"460","Surface Fire","10540_13_14",0.0365628,"Southern Rocky Mountain Ponderosa Pine Woodland",56,0,4,0,0.1462512
"461","Surface Fire","10540_17",0.0368946,"Southern Rocky Mountain Ponderosa Pine Woodland",82,0,6113,0,225.5366898
"462","Surface Fire","10570_12_16",0.0049564,"Rocky Mountain Subalpine-Montane Limber-Bristlecone Pine Woodland",73,0.635294,29,0,0.1437356
"463","Surface Fire","10620_13",0.0042894,"Inter-Mountain Basins Curl-leaf Mountain Mahogany Woodland and Shrubland",57,0.901961,266,0,1.1409804
"464","Surface Fire","10620_6_12_17_18",0.0041618,"Inter-Mountain Basins Curl-leaf Mountain Mahogany Woodland and Shrubland",17,0.901961,244500,1.9,1017.5601
"465","Surface Fire","10620_6_12_17_18",0.0041618,"Inter-Mountain Basins Curl-leaf Mountain Mahogany Woodland and Shrubland",26,0.901961,106026,0.8,441.2590068
"466","Surface Fire","11150_17",0.0017766,"Inter-Mountain Basins Juniper Savanna",84,0.266667,1,0,0.0017766
"467","Surface Fire","11600_12_17",0.0124044,"Rocky Mountain Subalpine/Upper Montane Riparian Systems",78,0.654902,8,0,0.0992352
"468","Surface Fire","11600_12_17",0.0124044,"Rocky Mountain Subalpine/Upper Montane Riparian Systems",88,0.654902,466,0,5.7804504
"469","Wind or Weather or Stress","10120_17_18_21",0.0023144,"Rocky Mountain Bigtooth Maple Ravine Woodland",79,0.498039,829,0,1.9186376
"470","Wind or Weather or Stress","10160_17",0.0019992,"Colorado Plateau Pinyon-Juniper Woodland",80,0.4,222,0,0.4438224
"471","Wind or Weather or Stress","10200_6_9_12_17",0.001792,"Inter-Mountain Basins Subalpine Limber-Bristlecone Pine Woodland",44,0.223529,19071,0.1,34.175232
"472","Wind or Weather or Stress","10200_6_9_12_17",0.001792,"Inter-Mountain Basins Subalpine Limber-Bristlecone Pine Woodland",48,0.223529,17210,0.1,30.84032
"473","Wind or Weather or Stress","10510_15_16_17_22_23_24_25",0.0009718,"Southern Rocky Mountain Dry-Mesic Montane Mixed Conifer Forest and Woodland",81,1,23,0,0.0223514
"474","Wind or Weather or Stress","10520_12",0.0034178,"Southern Rocky Mountain Mesic Montane Mixed Conifer Forest and Woodland",34,0.901961,33250,0.3,113.64185
"475","Wind or Weather or Stress","10520_13",0.0032776,"Southern Rocky Mountain Mesic Montane Mixed Conifer Forest and Woodland",55,0.901961,1,0,0.0032776
"476","Wind or Weather or Stress","10520_17",0.003394,"Southern Rocky Mountain Mesic Montane Mixed Conifer Forest and Woodland",32,0.901961,65951,0.5,223.837694
"477","Wind or Weather or Stress","10550_17",0.000374,"Rocky Mountain Subalpine Dry-Mesic Spruce-Fir Forest and Woodland",38,0.745098,21842,0.2,8.168908
"478","Wind or Weather or Stress","10570_12_16",0.0017502,"Rocky Mountain Subalpine-Montane Limber-Bristlecone Pine Woodland",73,0.635294,29,0,0.0507558
"479","Wind or Weather or Stress","10790_13",0.0133646,"Great Basin Xeric Mixed Sagebrush Shrubland",58,0.811765,70,0,0.935522
"480","Wind or Weather or Stress","10790_6_9_10_12_16_17_18",0.0045696,"Great Basin Xeric Mixed Sagebrush Shrubland",1,0.811765,1997019,15.5,9125.5780224
"481","Wind or Weather or Stress","10790_6_9_10_12_16_17_18",0.0045696,"Great Basin Xeric Mixed Sagebrush Shrubland",2,0.811765,1970745,15.3,9005.516352
"482","Wind or Weather or Stress","10800_13_14",0.0078978,"Inter-Mountain Basins Big Sagebrush Shrubland",59,0.909804,516,0,4.0752648
"483","Wind or Weather or Stress","10803_6_12_15_16_17_18_23_24_25",0.0060638,"Inter-Mountain Basins Big Sagebrush Shrubland - Semi-Desert",8,0.909804,574199,4.5,3481.8278962
"484","Wind or Weather or Stress","10803_6_12_15_16_17_18_23_24_25",0.0060638,"Inter-Mountain Basins Big Sagebrush Shrubland - Semi-Desert",22,0.909804,144394,1.1,875.5763372
"485","Wind or Weather or Stress","10804_6_12_15_16_17_18_23_24_25",0.0059578,"Inter-Mountain Basins Big Sagebrush Shrubland - Upland",3,0.909804,756539,5.9,4507.3080542
"486","Wind or Weather or Stress","10804_6_12_15_16_17_18_23_24_25",0.0059578,"Inter-Mountain Basins Big Sagebrush Shrubland - Upland",6,0.909804,638587,5,3804.5736286
"487","Wind or Weather or Stress","10810_6_12_13_17",0.0271896,"Inter-Mountain Basins Mixed Salt Desert Scrub",4,0.478431,693207,5.4,18848.0210472
"488","Wind or Weather or Stress","10810_6_12_13_17",0.0271896,"Inter-Mountain Basins Mixed Salt Desert Scrub",11,0.478431,316519,2.5,8606.0250024
"489","Wind or Weather or Stress","10810_6_12_13_17",0.0271896,"Inter-Mountain Basins Mixed Salt Desert Scrub",60,0.478431,79,0,2.1479784
"490","Wind or Weather or Stress","10860_13_16_17_18_21_23",0.0049896,"Rocky Mountain Lower Montane-Foothill Shrubland",49,0.396078,18839,0.1,93.9990744
"491","Wind or Weather or Stress","10870_4_6_12_13_14_15_17_24_25",0.0111322,"Sonora-Mojave Creosotebush-White Bursage Desert Scrub",15,0.721569,264572,2.1,2945.2684184
"492","Wind or Weather or Stress","10870_4_6_12_13_14_15_17_24_25",0.0111322,"Sonora-Mojave Creosotebush-White Bursage Desert Scrub",30,0.721569,70308,0.5,782.6827176
"493","Wind or Weather or Stress","10870_4_6_12_13_14_15_17_24_25",0.0111322,"Sonora-Mojave Creosotebush-White Bursage Desert Scrub",50,0.721569,14314,0.1,159.3463108
"494","Wind or Weather or Stress","10880_12_13_14_25",0.032668,"Sonora-Mojave Mixed Salt Desert Scrub",74,0.431373,15,0,0.49002
"495","Wind or Weather or Stress","10930_13_15_16_23_24_28",0.0076704,"Southern Colorado Plateau Sand Shrubland",61,0.094118,1,0,0.0076704
"496","Wind or Weather or Stress","11070_13",0.0070664,"Rocky Mountain Gambel Oak-Mixed Montane Shrubland",63,0.87451,10,0,0.070664
"497","Wind or Weather or Stress","11070_17",0.0069086,"Rocky Mountain Gambel Oak-Mixed Montane Shrubland",51,0.87451,6626,0.1,45.7763836
"498","Wind or Weather or Stress","11090_4_13",0.0009504,"Sonoran Paloverde-Mixed Cacti Desert Scrub",64,0.960784,167,0,0.1587168
"499","Wind or Weather or Stress","11250_6_12_13_15_16_17_18_23_24_25_28",0.0053724,"Inter-Mountain Basins Big Sagebrush Steppe",76,0.87451,4857,0,26.0937468
"500","Wind or Weather or Stress","11250_6_12_13_15_16_17_18_23_24_25_28",0.0053724,"Inter-Mountain Basins Big Sagebrush Steppe",85,0.87451,12,0,0.0644688
"501","Wind or Weather or Stress","11270_10_12_13_17_18",0.0134594,"Inter-Mountain Basins Semi-Desert Shrub-Steppe",23,0.843137,132553,1,1784.0838482
"502","Wind or Weather or Stress","11270_10_12_13_17_18",0.0134594,"Inter-Mountain Basins Semi-Desert Shrub-Steppe",37,0.843137,38983,0.3,524.6877902
"503","Wind or Weather or Stress","11270_10_12_13_17_18",0.0134594,"Inter-Mountain Basins Semi-Desert Shrub-Steppe",41,0.843137,7930,0.1,106.733042
"504","Wind or Weather or Stress","11350_13_14",0.0226108,"Inter-Mountain Basins Semi-Desert Grassland",66,0.827451,209,0,4.7256572
"505","Wind or Weather or Stress","11350_7_8_9_10_12_17_18",0.0082414,"Inter-Mountain Basins Semi-Desert Grassland",45,0.827451,16628,0.1,137.0379992
"506","Wind or Weather or Stress","11350_7_8_9_10_12_17_18",0.0082414,"Inter-Mountain Basins Semi-Desert Grassland",86,0.827451,1177,0,9.7001278
"507","Wind or Weather or Stress","11530_6_10_12_13_17_18_19_21",0.0068114,"Inter-Mountain Basins Greasewood Flat",12,0.882353,309354,2.4,2107.1338356
"508","Wind or Weather or Stress","11530_6_10_12_13_17_18_19_21",0.0068114,"Inter-Mountain Basins Greasewood Flat",13,0.882353,312201,2.4,2126.5258914
"509","Wind or Weather or Stress","11530_6_10_12_13_17_18_19_21",0.0068114,"Inter-Mountain Basins Greasewood Flat",67,0.882353,1461,0,9.9514554
"510","Wind or Weather or Stress","11540_13",0.1811798,"Inter-Mountain Basins Montane Riparian Systems",68,0.458824,3963,0,718.0155474
"511","Wind or Weather or Stress","11540_6_12_16_17",0.1279984,"Inter-Mountain Basins Montane Riparian Systems",20,0.458824,148902,1.2,19059.2177568
"512","Wind or Weather or Stress","11540_6_12_16_17",0.1279984,"Inter-Mountain Basins Montane Riparian Systems",31,0.458824,70158,0.5,8980.1117472
"513","Wind or Weather or Stress","11550_13_14",0.0402968,"North American Warm Desert Riparian Systems",42,0.458824,16526,0.1,665.9449168
"514","Wind or Weather or Stress","11552_13_14_15",0.1196522,"North American Warm Desert Riparian Systems - Stringers",29,0.458824,58881,0.5,7045.2411882
"515","Wind or Weather or Stress","11590_12_17",0.1341124,"Rocky Mountain Montane Riparian Systems",77,0.364706,9,0,1.2070116
"516","Wind or Weather or Stress","11590_12_17",0.1341124,"Rocky Mountain Montane Riparian Systems",87,0.364706,195,0,26.151918
"517","Wind or Weather or Stress","11600_12_17",0.3113918,"Rocky Mountain Subalpine/Upper Montane Riparian Systems",78,0.654902,8,0,2.4911344
"518","Wind or Weather or Stress","11600_12_17",0.3113918,"Rocky Mountain Subalpine/Upper Montane Riparian Systems",88,0.654902,466,0,145.1085788
