"","model_label","model_code","ref_label","ref_percent","bps_name","Var1","Var2","Freq","BPS_CODE","ZONE","total_count","currentPercent"
"1","10110_6_10_12_17_18_19_A","10110_6_10_12_17_18_19","A",14,"Rocky Mountain Aspen Forest and Woodland",1048,1,43480,10110,12,67604,64
"2","10110_6_10_12_17_18_19_A","10110_6_10_12_17_18_19","A",14,"Rocky Mountain Aspen Forest and Woodland",1078,1,29494,10110,17,67067,43
"3","10110_6_10_12_17_18_19_B","10110_6_10_12_17_18_19","B",40,"Rocky Mountain Aspen Forest and Woodland",1048,2,419,10110,12,67604,0
"4","10110_6_10_12_17_18_19_B","10110_6_10_12_17_18_19","B",40,"Rocky Mountain Aspen Forest and Woodland",1078,2,1932,10110,17,67067,2
"5","10110_6_10_12_17_18_19_C","10110_6_10_12_17_18_19","C",45,"Rocky Mountain Aspen Forest and Woodland",1048,3,1743,10110,12,67604,2
"6","10110_6_10_12_17_18_19_C","10110_6_10_12_17_18_19","C",45,"Rocky Mountain Aspen Forest and Woodland",1078,3,5386,10110,17,67067,8
"7","10110_6_10_12_17_18_19_D","10110_6_10_12_17_18_19","D",1,"Rocky Mountain Aspen Forest and Woodland",1048,4,20359,10110,12,67604,30
"8","10110_6_10_12_17_18_19_D","10110_6_10_12_17_18_19","D",1,"Rocky Mountain Aspen Forest and Woodland",1078,4,29269,10110,17,67067,43
"9","10110_6_10_12_17_18_19_E","10110_6_10_12_17_18_19","E",NA,"Rocky Mountain Aspen Forest and Woodland",NA,NA,NA,NA,NA,NA,NA
"10","10110_6_10_12_17_18_19_Agriculture","10110_6_10_12_17_18_19","Agriculture",0,"Rocky Mountain Aspen Forest and Woodland",1048,180,491,10110,12,67604,0
"11","10110_6_10_12_17_18_19_Agriculture","10110_6_10_12_17_18_19","Agriculture",0,"Rocky Mountain Aspen Forest and Woodland",1078,180,298,10110,17,67067,0
"12","10110_6_10_12_17_18_19_Developed","10110_6_10_12_17_18_19","Developed",0,"Rocky Mountain Aspen Forest and Woodland",1048,120,13,10110,12,67604,0
"13","10110_6_10_12_17_18_19_Developed","10110_6_10_12_17_18_19","Developed",0,"Rocky Mountain Aspen Forest and Woodland",1078,120,52,10110,17,67067,0
"14","10110_6_10_12_17_18_19_Water","10110_6_10_12_17_18_19","Water",0,"Rocky Mountain Aspen Forest and Woodland",NA,NA,NA,NA,NA,NA,NA
"15","10110_6_10_12_17_18_19_UN","10110_6_10_12_17_18_19","UN",0,"Rocky Mountain Aspen Forest and Woodland",NA,NA,NA,NA,NA,NA,NA
"16","10110_6_10_12_17_18_19_UE","10110_6_10_12_17_18_19","UE",0,"Rocky Mountain Aspen Forest and Woodland",1048,7,957,10110,12,67604,1
"17","10110_6_10_12_17_18_19_UE","10110_6_10_12_17_18_19","UE",0,"Rocky Mountain Aspen Forest and Woodland",1078,7,514,10110,17,67067,0
"18","10120_17_18_21_A","10120_17_18_21","A",8,"Rocky Mountain Bigtooth Maple Ravine Woodland",1079,1,441,10120,17,3726,11
"19","10120_17_18_21_B","10120_17_18_21","B",18,"Rocky Mountain Bigtooth Maple Ravine Woodland",1079,2,643,10120,17,3726,17
"20","10120_17_18_21_C","10120_17_18_21","C",74,"Rocky Mountain Bigtooth Maple Ravine Woodland",1079,3,2308,10120,17,3726,61
"21","10120_17_18_21_D","10120_17_18_21","D",NA,"Rocky Mountain Bigtooth Maple Ravine Woodland",NA,NA,NA,NA,NA,NA,NA
"22","10120_17_18_21_E","10120_17_18_21","E",NA,"Rocky Mountain Bigtooth Maple Ravine Woodland",NA,NA,NA,NA,NA,NA,NA
"23","10120_17_18_21_Agriculture","10120_17_18_21","Agriculture",0,"Rocky Mountain Bigtooth Maple Ravine Woodland",1079,180,39,10120,17,3726,1
"24","10120_17_18_21_Developed","10120_17_18_21","Developed",0,"Rocky Mountain Bigtooth Maple Ravine Woodland",1079,120,3,10120,17,3726,0
"25","10120_17_18_21_Water","10120_17_18_21","Water",0,"Rocky Mountain Bigtooth Maple Ravine Woodland",NA,NA,NA,NA,NA,NA,NA
"26","10120_17_18_21_UN","10120_17_18_21","UN",0,"Rocky Mountain Bigtooth Maple Ravine Woodland",NA,NA,NA,NA,NA,NA,NA
"27","10120_17_18_21_UE","10120_17_18_21","UE",0,"Rocky Mountain Bigtooth Maple Ravine Woodland",1079,7,146,10120,17,3726,3
"28","10160_13_14_A","10160_13_14","A",2,"Colorado Plateau Pinyon-Juniper Woodland",NA,NA,NA,NA,NA,NA,NA
"29","10160_13_14_B","10160_13_14","B",7,"Colorado Plateau Pinyon-Juniper Woodland",491,2,303,10160,13,335,90
"30","10160_13_14_C","10160_13_14","C",27,"Colorado Plateau Pinyon-Juniper Woodland",491,3,1,10160,13,335,0
"31","10160_13_14_D","10160_13_14","D",64,"Colorado Plateau Pinyon-Juniper Woodland",491,4,2,10160,13,335,0
"32","10160_13_14_E","10160_13_14","E",NA,"Colorado Plateau Pinyon-Juniper Woodland",NA,NA,NA,NA,NA,NA,NA
"33","10160_13_14_Agriculture","10160_13_14","Agriculture",0,"Colorado Plateau Pinyon-Juniper Woodland",NA,NA,NA,NA,NA,NA,NA
"34","10160_13_14_Developed","10160_13_14","Developed",0,"Colorado Plateau Pinyon-Juniper Woodland",NA,NA,NA,NA,NA,NA,NA
"35","10160_13_14_Water","10160_13_14","Water",0,"Colorado Plateau Pinyon-Juniper Woodland",NA,NA,NA,NA,NA,NA,NA
"36","10160_13_14_UN","10160_13_14","UN",0,"Colorado Plateau Pinyon-Juniper Woodland",NA,NA,NA,NA,NA,NA,NA
"37","10160_13_14_UE","10160_13_14","UE",0,"Colorado Plateau Pinyon-Juniper Woodland",491,7,29,10160,13,335,8
"38","10160_17_A","10160_17","A",9,"Colorado Plateau Pinyon-Juniper Woodland",1080,1,841,10160,17,998,84
"39","10160_17_B","10160_17","B",21,"Colorado Plateau Pinyon-Juniper Woodland",NA,NA,NA,NA,NA,NA,NA
"40","10160_17_C","10160_17","C",24,"Colorado Plateau Pinyon-Juniper Woodland",1080,3,36,10160,17,998,3
"41","10160_17_D","10160_17","D",38,"Colorado Plateau Pinyon-Juniper Woodland",1080,4,10,10160,17,998,1
"42","10160_17_E","10160_17","E",8,"Colorado Plateau Pinyon-Juniper Woodland",NA,NA,NA,NA,NA,NA,NA
"43","10160_17_Agriculture","10160_17","Agriculture",0,"Colorado Plateau Pinyon-Juniper Woodland",1080,180,18,10160,17,998,1
"44","10160_17_Developed","10160_17","Developed",0,"Colorado Plateau Pinyon-Juniper Woodland",NA,NA,NA,NA,NA,NA,NA
"45","10160_17_Water","10160_17","Water",0,"Colorado Plateau Pinyon-Juniper Woodland",NA,NA,NA,NA,NA,NA,NA
"46","10160_17_UN","10160_17","UN",0,"Colorado Plateau Pinyon-Juniper Woodland",NA,NA,NA,NA,NA,NA,NA
"47","10160_17_UE","10160_17","UE",0,"Colorado Plateau Pinyon-Juniper Woodland",1080,7,93,10160,17,998,9
"48","10190_13_14_A","10190_13_14","A",2,"Great Basin Pinyon-Juniper Woodland",492,1,56,10190,13,74652,0
"49","10190_13_14_B","10190_13_14","B",7,"Great Basin Pinyon-Juniper Woodland",492,2,410,10190,13,74652,0
"50","10190_13_14_C","10190_13_14","C",27,"Great Basin Pinyon-Juniper Woodland",492,3,47925,10190,13,74652,64
"51","10190_13_14_D","10190_13_14","D",64,"Great Basin Pinyon-Juniper Woodland",492,4,24778,10190,13,74652,33
"52","10190_13_14_E","10190_13_14","E",NA,"Great Basin Pinyon-Juniper Woodland",NA,NA,NA,NA,NA,NA,NA
"53","10190_13_14_Agriculture","10190_13_14","Agriculture",0,"Great Basin Pinyon-Juniper Woodland",492,180,3,10190,13,74652,0
"54","10190_13_14_Developed","10190_13_14","Developed",0,"Great Basin Pinyon-Juniper Woodland",492,120,7,10190,13,74652,0
"55","10190_13_14_Water","10190_13_14","Water",0,"Great Basin Pinyon-Juniper Woodland",NA,NA,NA,NA,NA,NA,NA
"56","10190_13_14_UN","10190_13_14","UN",0,"Great Basin Pinyon-Juniper Woodland",NA,NA,NA,NA,NA,NA,NA
"57","10190_13_14_UE","10190_13_14","UE",0,"Great Basin Pinyon-Juniper Woodland",492,7,1469,10190,13,74652,1
"58","10190_6_7_9_12_16_17_18_19_A","10190_6_7_9_12_16_17_18_19","A",9,"Great Basin Pinyon-Juniper Woodland",1050,1,29331,10190,12,2599556,1
"59","10190_6_7_9_12_16_17_18_19_A","10190_6_7_9_12_16_17_18_19","A",9,"Great Basin Pinyon-Juniper Woodland",1081,1,47471,10190,17,3014068,1
"60","10190_6_7_9_12_16_17_18_19_B","10190_6_7_9_12_16_17_18_19","B",12,"Great Basin Pinyon-Juniper Woodland",1050,2,6854,10190,12,2599556,0
"61","10190_6_7_9_12_16_17_18_19_B","10190_6_7_9_12_16_17_18_19","B",12,"Great Basin Pinyon-Juniper Woodland",1081,2,6159,10190,17,3014068,0
"62","10190_6_7_9_12_16_17_18_19_C","10190_6_7_9_12_16_17_18_19","C",22,"Great Basin Pinyon-Juniper Woodland",1050,3,674664,10190,12,2599556,25
"63","10190_6_7_9_12_16_17_18_19_C","10190_6_7_9_12_16_17_18_19","C",22,"Great Basin Pinyon-Juniper Woodland",1081,3,423762,10190,17,3014068,14
"64","10190_6_7_9_12_16_17_18_19_D","10190_6_7_9_12_16_17_18_19","D",57,"Great Basin Pinyon-Juniper Woodland",1050,4,1825709,10190,12,2599556,70
"65","10190_6_7_9_12_16_17_18_19_D","10190_6_7_9_12_16_17_18_19","D",57,"Great Basin Pinyon-Juniper Woodland",1081,4,2437855,10190,17,3014068,80
"66","10190_6_7_9_12_16_17_18_19_E","10190_6_7_9_12_16_17_18_19","E",NA,"Great Basin Pinyon-Juniper Woodland",NA,NA,NA,NA,NA,NA,NA
"67","10190_6_7_9_12_16_17_18_19_Agriculture","10190_6_7_9_12_16_17_18_19","Agriculture",0,"Great Basin Pinyon-Juniper Woodland",1050,180,142,10190,12,2599556,0
"68","10190_6_7_9_12_16_17_18_19_Agriculture","10190_6_7_9_12_16_17_18_19","Agriculture",0,"Great Basin Pinyon-Juniper Woodland",1081,180,297,10190,17,3014068,0
"69","10190_6_7_9_12_16_17_18_19_Developed","10190_6_7_9_12_16_17_18_19","Developed",0,"Great Basin Pinyon-Juniper Woodland",1050,120,939,10190,12,2599556,0
"70","10190_6_7_9_12_16_17_18_19_Developed","10190_6_7_9_12_16_17_18_19","Developed",0,"Great Basin Pinyon-Juniper Woodland",1081,120,1042,10190,17,3014068,0
"71","10190_6_7_9_12_16_17_18_19_Water","10190_6_7_9_12_16_17_18_19","Water",0,"Great Basin Pinyon-Juniper Woodland",NA,NA,NA,NA,NA,NA,NA
"72","10190_6_7_9_12_16_17_18_19_UN","10190_6_7_9_12_16_17_18_19","UN",0,"Great Basin Pinyon-Juniper Woodland",1050,6,18248,10190,12,2599556,0
"73","10190_6_7_9_12_16_17_18_19_UN","10190_6_7_9_12_16_17_18_19","UN",0,"Great Basin Pinyon-Juniper Woodland",1081,6,27648,10190,17,3014068,0
"74","10190_6_7_9_12_16_17_18_19_UE","10190_6_7_9_12_16_17_18_19","UE",0,"Great Basin Pinyon-Juniper Woodland",1050,7,42811,10190,12,2599556,1
"75","10190_6_7_9_12_16_17_18_19_UE","10190_6_7_9_12_16_17_18_19","UE",0,"Great Basin Pinyon-Juniper Woodland",1081,7,33061,10190,17,3014068,1
"76","10200_6_9_12_17_A","10200_6_9_12_17","A",19,"Inter-Mountain Basins Subalpine Limber-Bristlecone Pine Woodland",1051,1,13718,10200,12,85752,15
"77","10200_6_9_12_17_A","10200_6_9_12_17","A",19,"Inter-Mountain Basins Subalpine Limber-Bristlecone Pine Woodland",1082,1,23426,10200,17,77386,30
"78","10200_6_9_12_17_B","10200_6_9_12_17","B",21,"Inter-Mountain Basins Subalpine Limber-Bristlecone Pine Woodland",1051,2,50634,10200,12,85752,59
"79","10200_6_9_12_17_B","10200_6_9_12_17","B",21,"Inter-Mountain Basins Subalpine Limber-Bristlecone Pine Woodland",1082,2,44074,10200,17,77386,56
"80","10200_6_9_12_17_C","10200_6_9_12_17","C",60,"Inter-Mountain Basins Subalpine Limber-Bristlecone Pine Woodland",1051,3,20959,10200,12,85752,24
"81","10200_6_9_12_17_C","10200_6_9_12_17","C",60,"Inter-Mountain Basins Subalpine Limber-Bristlecone Pine Woodland",1082,3,6465,10200,17,77386,8
"82","10200_6_9_12_17_D","10200_6_9_12_17","D",NA,"Inter-Mountain Basins Subalpine Limber-Bristlecone Pine Woodland",NA,NA,NA,NA,NA,NA,NA
"83","10200_6_9_12_17_E","10200_6_9_12_17","E",NA,"Inter-Mountain Basins Subalpine Limber-Bristlecone Pine Woodland",NA,NA,NA,NA,NA,NA,NA
"84","10200_6_9_12_17_Agriculture","10200_6_9_12_17","Agriculture",0,"Inter-Mountain Basins Subalpine Limber-Bristlecone Pine Woodland",1051,180,7,10200,12,85752,0
"85","10200_6_9_12_17_Agriculture","10200_6_9_12_17","Agriculture",0,"Inter-Mountain Basins Subalpine Limber-Bristlecone Pine Woodland",1082,180,8,10200,17,77386,0
"86","10200_6_9_12_17_Developed","10200_6_9_12_17","Developed",0,"Inter-Mountain Basins Subalpine Limber-Bristlecone Pine Woodland",1051,120,8,10200,12,85752,0
"87","10200_6_9_12_17_Developed","10200_6_9_12_17","Developed",0,"Inter-Mountain Basins Subalpine Limber-Bristlecone Pine Woodland",1082,120,83,10200,17,77386,0
"88","10200_6_9_12_17_Water","10200_6_9_12_17","Water",0,"Inter-Mountain Basins Subalpine Limber-Bristlecone Pine Woodland",NA,NA,NA,NA,NA,NA,NA
"89","10200_6_9_12_17_UN","10200_6_9_12_17","UN",0,"Inter-Mountain Basins Subalpine Limber-Bristlecone Pine Woodland",1051,6,400,10200,12,85752,0
"90","10200_6_9_12_17_UN","10200_6_9_12_17","UN",0,"Inter-Mountain Basins Subalpine Limber-Bristlecone Pine Woodland",1082,6,584,10200,17,77386,0
"91","10200_6_9_12_17_UE","10200_6_9_12_17","UE",0,"Inter-Mountain Basins Subalpine Limber-Bristlecone Pine Woodland",1051,7,25,10200,12,85752,0
"92","10200_6_9_12_17_UE","10200_6_9_12_17","UE",0,"Inter-Mountain Basins Subalpine Limber-Bristlecone Pine Woodland",1082,7,123,10200,17,77386,0
"93","10310_2_3_4_5_6_12_A","10310_2_3_4_5_6_12","A",17,"California Montane Jeffrey Pine(-Ponderosa Pine) Woodland",1054,1,9,10310,12,11,81
"94","10310_2_3_4_5_6_12_B","10310_2_3_4_5_6_12","B",6,"California Montane Jeffrey Pine(-Ponderosa Pine) Woodland",NA,NA,NA,NA,NA,NA,NA
"95","10310_2_3_4_5_6_12_C","10310_2_3_4_5_6_12","C",31,"California Montane Jeffrey Pine(-Ponderosa Pine) Woodland",1054,3,2,10310,12,11,18
"96","10310_2_3_4_5_6_12_D","10310_2_3_4_5_6_12","D",1,"California Montane Jeffrey Pine(-Ponderosa Pine) Woodland",NA,NA,NA,NA,NA,NA,NA
"97","10310_2_3_4_5_6_12_E","10310_2_3_4_5_6_12","E",45,"California Montane Jeffrey Pine(-Ponderosa Pine) Woodland",NA,NA,NA,NA,NA,NA,NA
"98","10310_2_3_4_5_6_12_Agriculture","10310_2_3_4_5_6_12","Agriculture",0,"California Montane Jeffrey Pine(-Ponderosa Pine) Woodland",NA,NA,NA,NA,NA,NA,NA
"99","10310_2_3_4_5_6_12_Developed","10310_2_3_4_5_6_12","Developed",0,"California Montane Jeffrey Pine(-Ponderosa Pine) Woodland",NA,NA,NA,NA,NA,NA,NA
"100","10310_2_3_4_5_6_12_Water","10310_2_3_4_5_6_12","Water",0,"California Montane Jeffrey Pine(-Ponderosa Pine) Woodland",NA,NA,NA,NA,NA,NA,NA
"101","10310_2_3_4_5_6_12_UN","10310_2_3_4_5_6_12","UN",0,"California Montane Jeffrey Pine(-Ponderosa Pine) Woodland",NA,NA,NA,NA,NA,NA,NA
"102","10310_2_3_4_5_6_12_UE","10310_2_3_4_5_6_12","UE",0,"California Montane Jeffrey Pine(-Ponderosa Pine) Woodland",NA,NA,NA,NA,NA,NA,NA
"103","10330_12_A","10330_12","A",25,"Mediterranean California Subalpine Woodland",1055,1,278,10330,12,1154,24
"104","10330_12_B","10330_12","B",22,"Mediterranean California Subalpine Woodland",1055,2,2,10330,12,1154,0
"105","10330_12_C","10330_12","C",53,"Mediterranean California Subalpine Woodland",1055,3,870,10330,12,1154,75
"106","10330_12_D","10330_12","D",NA,"Mediterranean California Subalpine Woodland",NA,NA,NA,NA,NA,NA,NA
"107","10330_12_E","10330_12","E",NA,"Mediterranean California Subalpine Woodland",NA,NA,NA,NA,NA,NA,NA
"108","10330_12_Agriculture","10330_12","Agriculture",0,"Mediterranean California Subalpine Woodland",NA,NA,NA,NA,NA,NA,NA
"109","10330_12_Developed","10330_12","Developed",0,"Mediterranean California Subalpine Woodland",NA,NA,NA,NA,NA,NA,NA
"110","10330_12_Water","10330_12","Water",0,"Mediterranean California Subalpine Woodland",NA,NA,NA,NA,NA,NA,NA
"111","10330_12_UN","10330_12","UN",0,"Mediterranean California Subalpine Woodland",NA,NA,NA,NA,NA,NA,NA
"112","10330_12_UE","10330_12","UE",0,"Mediterranean California Subalpine Woodland",1055,7,4,10330,12,1154,0
"113","10510_15_16_17_22_23_24_25_A","10510_15_16_17_22_23_24_25","A",23,"Southern Rocky Mountain Dry-Mesic Montane Mixed Conifer Forest and Woodland",1083,1,42,10510,17,103,40
"114","10510_15_16_17_22_23_24_25_B","10510_15_16_17_22_23_24_25","B",7,"Southern Rocky Mountain Dry-Mesic Montane Mixed Conifer Forest and Woodland",NA,NA,NA,NA,NA,NA,NA
"115","10510_15_16_17_22_23_24_25_C","10510_15_16_17_22_23_24_25","C",12,"Southern Rocky Mountain Dry-Mesic Montane Mixed Conifer Forest and Woodland",1083,3,16,10510,17,103,15
"116","10510_15_16_17_22_23_24_25_D","10510_15_16_17_22_23_24_25","D",57,"Southern Rocky Mountain Dry-Mesic Montane Mixed Conifer Forest and Woodland",1083,4,5,10510,17,103,4
"117","10510_15_16_17_22_23_24_25_E","10510_15_16_17_22_23_24_25","E",1,"Southern Rocky Mountain Dry-Mesic Montane Mixed Conifer Forest and Woodland",1083,5,1,10510,17,103,0
"118","10510_15_16_17_22_23_24_25_Agriculture","10510_15_16_17_22_23_24_25","Agriculture",0,"Southern Rocky Mountain Dry-Mesic Montane Mixed Conifer Forest and Woodland",NA,NA,NA,NA,NA,NA,NA
"119","10510_15_16_17_22_23_24_25_Developed","10510_15_16_17_22_23_24_25","Developed",0,"Southern Rocky Mountain Dry-Mesic Montane Mixed Conifer Forest and Woodland",1083,120,38,10510,17,103,36
"120","10510_15_16_17_22_23_24_25_Water","10510_15_16_17_22_23_24_25","Water",0,"Southern Rocky Mountain Dry-Mesic Montane Mixed Conifer Forest and Woodland",NA,NA,NA,NA,NA,NA,NA
"121","10510_15_16_17_22_23_24_25_UN","10510_15_16_17_22_23_24_25","UN",0,"Southern Rocky Mountain Dry-Mesic Montane Mixed Conifer Forest and Woodland",NA,NA,NA,NA,NA,NA,NA
"122","10510_15_16_17_22_23_24_25_UE","10510_15_16_17_22_23_24_25","UE",0,"Southern Rocky Mountain Dry-Mesic Montane Mixed Conifer Forest and Woodland",1083,7,1,10510,17,103,0
"123","10520_12_A","10520_12","A",14,"Southern Rocky Mountain Mesic Montane Mixed Conifer Forest and Woodland",1056,1,78051,10520,12,149511,52
"124","10520_12_B","10520_12","B",28,"Southern Rocky Mountain Mesic Montane Mixed Conifer Forest and Woodland",1056,2,11060,10520,12,149511,7
"125","10520_12_C","10520_12","C",29,"Southern Rocky Mountain Mesic Montane Mixed Conifer Forest and Woodland",1056,3,60183,10520,12,149511,40
"126","10520_12_D","10520_12","D",18,"Southern Rocky Mountain Mesic Montane Mixed Conifer Forest and Woodland",NA,NA,NA,NA,NA,NA,NA
"127","10520_12_E","10520_12","E",11,"Southern Rocky Mountain Mesic Montane Mixed Conifer Forest and Woodland",NA,NA,NA,NA,NA,NA,NA
"128","10520_12_Agriculture","10520_12","Agriculture",0,"Southern Rocky Mountain Mesic Montane Mixed Conifer Forest and Woodland",1056,180,12,10520,12,149511,0
"129","10520_12_Developed","10520_12","Developed",0,"Southern Rocky Mountain Mesic Montane Mixed Conifer Forest and Woodland",1056,120,3,10520,12,149511,0
"130","10520_12_Water","10520_12","Water",0,"Southern Rocky Mountain Mesic Montane Mixed Conifer Forest and Woodland",NA,NA,NA,NA,NA,NA,NA
"131","10520_12_UN","10520_12","UN",0,"Southern Rocky Mountain Mesic Montane Mixed Conifer Forest and Woodland",NA,NA,NA,NA,NA,NA,NA
"132","10520_12_UE","10520_12","UE",0,"Southern Rocky Mountain Mesic Montane Mixed Conifer Forest and Woodland",1056,7,160,10520,12,149511,0
"133","10520_13_A","10520_13","A",12,"Southern Rocky Mountain Mesic Montane Mixed Conifer Forest and Woodland",NA,NA,NA,NA,NA,NA,NA
"134","10520_13_B","10520_13","B",29,"Southern Rocky Mountain Mesic Montane Mixed Conifer Forest and Woodland",NA,NA,NA,NA,NA,NA,NA
"135","10520_13_C","10520_13","C",15,"Southern Rocky Mountain Mesic Montane Mixed Conifer Forest and Woodland",494,3,3,10520,13,3,100
"136","10520_13_D","10520_13","D",33,"Southern Rocky Mountain Mesic Montane Mixed Conifer Forest and Woodland",NA,NA,NA,NA,NA,NA,NA
"137","10520_13_E","10520_13","E",11,"Southern Rocky Mountain Mesic Montane Mixed Conifer Forest and Woodland",NA,NA,NA,NA,NA,NA,NA
"138","10520_13_Agriculture","10520_13","Agriculture",0,"Southern Rocky Mountain Mesic Montane Mixed Conifer Forest and Woodland",NA,NA,NA,NA,NA,NA,NA
"139","10520_13_Developed","10520_13","Developed",0,"Southern Rocky Mountain Mesic Montane Mixed Conifer Forest and Woodland",NA,NA,NA,NA,NA,NA,NA
"140","10520_13_Water","10520_13","Water",0,"Southern Rocky Mountain Mesic Montane Mixed Conifer Forest and Woodland",NA,NA,NA,NA,NA,NA,NA
"141","10520_13_UN","10520_13","UN",0,"Southern Rocky Mountain Mesic Montane Mixed Conifer Forest and Woodland",NA,NA,NA,NA,NA,NA,NA
"142","10520_13_UE","10520_13","UE",0,"Southern Rocky Mountain Mesic Montane Mixed Conifer Forest and Woodland",NA,NA,NA,NA,NA,NA,NA
"143","10520_17_A","10520_17","A",14,"Southern Rocky Mountain Mesic Montane Mixed Conifer Forest and Woodland",1084,1,49595,10520,17,296548,16
"144","10520_17_B","10520_17","B",28,"Southern Rocky Mountain Mesic Montane Mixed Conifer Forest and Woodland",1084,2,99239,10520,17,296548,33
"145","10520_17_C","10520_17","C",28,"Southern Rocky Mountain Mesic Montane Mixed Conifer Forest and Woodland",1084,3,144153,10520,17,296548,48
"146","10520_17_D","10520_17","D",18,"Southern Rocky Mountain Mesic Montane Mixed Conifer Forest and Woodland",1084,4,1,10520,17,296548,0
"147","10520_17_E","10520_17","E",12,"Southern Rocky Mountain Mesic Montane Mixed Conifer Forest and Woodland",1084,5,10,10520,17,296548,0
"148","10520_17_Agriculture","10520_17","Agriculture",0,"Southern Rocky Mountain Mesic Montane Mixed Conifer Forest and Woodland",1084,180,1,10520,17,296548,0
"149","10520_17_Developed","10520_17","Developed",0,"Southern Rocky Mountain Mesic Montane Mixed Conifer Forest and Woodland",1084,120,151,10520,17,296548,0
"150","10520_17_Water","10520_17","Water",0,"Southern Rocky Mountain Mesic Montane Mixed Conifer Forest and Woodland",NA,NA,NA,NA,NA,NA,NA
"151","10520_17_UN","10520_17","UN",0,"Southern Rocky Mountain Mesic Montane Mixed Conifer Forest and Woodland",NA,NA,NA,NA,NA,NA,NA
"152","10520_17_UE","10520_17","UE",0,"Southern Rocky Mountain Mesic Montane Mixed Conifer Forest and Woodland",1084,7,428,10520,17,296548,0
"153","10540_13_14_A","10540_13_14","A",13,"Southern Rocky Mountain Ponderosa Pine Woodland",495,1,9,10540,13,20,45
"154","10540_13_14_B","10540_13_14","B",10,"Southern Rocky Mountain Ponderosa Pine Woodland",495,2,1,10540,13,20,5
"155","10540_13_14_C","10540_13_14","C",18,"Southern Rocky Mountain Ponderosa Pine Woodland",495,3,3,10540,13,20,15
"156","10540_13_14_D","10540_13_14","D",58,"Southern Rocky Mountain Ponderosa Pine Woodland",495,4,7,10540,13,20,35
"157","10540_13_14_E","10540_13_14","E",1,"Southern Rocky Mountain Ponderosa Pine Woodland",NA,NA,NA,NA,NA,NA,NA
"158","10540_13_14_Agriculture","10540_13_14","Agriculture",0,"Southern Rocky Mountain Ponderosa Pine Woodland",NA,NA,NA,NA,NA,NA,NA
"159","10540_13_14_Developed","10540_13_14","Developed",0,"Southern Rocky Mountain Ponderosa Pine Woodland",NA,NA,NA,NA,NA,NA,NA
"160","10540_13_14_Water","10540_13_14","Water",0,"Southern Rocky Mountain Ponderosa Pine Woodland",NA,NA,NA,NA,NA,NA,NA
"161","10540_13_14_UN","10540_13_14","UN",0,"Southern Rocky Mountain Ponderosa Pine Woodland",NA,NA,NA,NA,NA,NA,NA
"162","10540_13_14_UE","10540_13_14","UE",0,"Southern Rocky Mountain Ponderosa Pine Woodland",NA,NA,NA,NA,NA,NA,NA
"163","10540_17_A","10540_17","A",13,"Southern Rocky Mountain Ponderosa Pine Woodland",1085,1,3011,10540,17,27487,10
"164","10540_17_B","10540_17","B",9,"Southern Rocky Mountain Ponderosa Pine Woodland",1085,2,45,10540,17,27487,0
"165","10540_17_C","10540_17","C",18,"Southern Rocky Mountain Ponderosa Pine Woodland",1085,3,22309,10540,17,27487,81
"166","10540_17_D","10540_17","D",58,"Southern Rocky Mountain Ponderosa Pine Woodland",1085,4,825,10540,17,27487,3
"167","10540_17_E","10540_17","E",2,"Southern Rocky Mountain Ponderosa Pine Woodland",NA,NA,NA,NA,NA,NA,NA
"168","10540_17_Agriculture","10540_17","Agriculture",0,"Southern Rocky Mountain Ponderosa Pine Woodland",1085,180,2,10540,17,27487,0
"169","10540_17_Developed","10540_17","Developed",0,"Southern Rocky Mountain Ponderosa Pine Woodland",NA,NA,NA,NA,NA,NA,NA
"170","10540_17_Water","10540_17","Water",0,"Southern Rocky Mountain Ponderosa Pine Woodland",NA,NA,NA,NA,NA,NA,NA
"171","10540_17_UN","10540_17","UN",0,"Southern Rocky Mountain Ponderosa Pine Woodland",NA,NA,NA,NA,NA,NA,NA
"172","10540_17_UE","10540_17","UE",0,"Southern Rocky Mountain Ponderosa Pine Woodland",1085,7,1294,10540,17,27487,4
"173","10550_17_A","10550_17","A",33,"Rocky Mountain Subalpine Dry-Mesic Spruce-Fir Forest and Woodland",1086,1,21424,10550,17,98213,21
"174","10550_17_B","10550_17","B",24,"Rocky Mountain Subalpine Dry-Mesic Spruce-Fir Forest and Woodland",1086,2,3127,10550,17,98213,3
"175","10550_17_C","10550_17","C",7,"Rocky Mountain Subalpine Dry-Mesic Spruce-Fir Forest and Woodland",1086,3,49463,10550,17,98213,50
"176","10550_17_D","10550_17","D",36,"Rocky Mountain Subalpine Dry-Mesic Spruce-Fir Forest and Woodland",1086,4,22898,10550,17,98213,23
"177","10550_17_E","10550_17","E",NA,"Rocky Mountain Subalpine Dry-Mesic Spruce-Fir Forest and Woodland",NA,NA,NA,NA,NA,NA,NA
"178","10550_17_Agriculture","10550_17","Agriculture",0,"Rocky Mountain Subalpine Dry-Mesic Spruce-Fir Forest and Woodland",NA,NA,NA,NA,NA,NA,NA
"179","10550_17_Developed","10550_17","Developed",0,"Rocky Mountain Subalpine Dry-Mesic Spruce-Fir Forest and Woodland",1086,120,20,10550,17,98213,0
"180","10550_17_Water","10550_17","Water",0,"Rocky Mountain Subalpine Dry-Mesic Spruce-Fir Forest and Woodland",NA,NA,NA,NA,NA,NA,NA
"181","10550_17_UN","10550_17","UN",0,"Rocky Mountain Subalpine Dry-Mesic Spruce-Fir Forest and Woodland",NA,NA,NA,NA,NA,NA,NA
"182","10550_17_UE","10550_17","UE",0,"Rocky Mountain Subalpine Dry-Mesic Spruce-Fir Forest and Woodland",1086,7,47,10550,17,98213,0
"183","10570_12_16_A","10570_12_16","A",18,"Rocky Mountain Subalpine-Montane Limber-Bristlecone Pine Woodland",1057,1,68,10570,12,130,52
"184","10570_12_16_B","10570_12_16","B",21,"Rocky Mountain Subalpine-Montane Limber-Bristlecone Pine Woodland",1057,2,20,10570,12,130,15
"185","10570_12_16_C","10570_12_16","C",61,"Rocky Mountain Subalpine-Montane Limber-Bristlecone Pine Woodland",1057,3,35,10570,12,130,26
"186","10570_12_16_D","10570_12_16","D",NA,"Rocky Mountain Subalpine-Montane Limber-Bristlecone Pine Woodland",NA,NA,NA,NA,NA,NA,NA
"187","10570_12_16_E","10570_12_16","E",NA,"Rocky Mountain Subalpine-Montane Limber-Bristlecone Pine Woodland",NA,NA,NA,NA,NA,NA,NA
"188","10570_12_16_Agriculture","10570_12_16","Agriculture",0,"Rocky Mountain Subalpine-Montane Limber-Bristlecone Pine Woodland",NA,NA,NA,NA,NA,NA,NA
"189","10570_12_16_Developed","10570_12_16","Developed",0,"Rocky Mountain Subalpine-Montane Limber-Bristlecone Pine Woodland",NA,NA,NA,NA,NA,NA,NA
"190","10570_12_16_Water","10570_12_16","Water",0,"Rocky Mountain Subalpine-Montane Limber-Bristlecone Pine Woodland",NA,NA,NA,NA,NA,NA,NA
"191","10570_12_16_UN","10570_12_16","UN",0,"Rocky Mountain Subalpine-Montane Limber-Bristlecone Pine Woodland",1057,6,7,10570,12,130,5
"192","10570_12_16_UE","10570_12_16","UE",0,"Rocky Mountain Subalpine-Montane Limber-Bristlecone Pine Woodland",NA,NA,NA,NA,NA,NA,NA
"193","10610_8_9_17_A","10610_8_9_17","A",14,"Inter-Mountain Basins Aspen-Mixed Conifer Forest and Woodland",1087,1,147695,10610,17,360732,40
"194","10610_8_9_17_B","10610_8_9_17","B",38,"Inter-Mountain Basins Aspen-Mixed Conifer Forest and Woodland",1087,2,12166,10610,17,360732,3
"195","10610_8_9_17_C","10610_8_9_17","C",36,"Inter-Mountain Basins Aspen-Mixed Conifer Forest and Woodland",1087,3,45526,10610,17,360732,12
"196","10610_8_9_17_D","10610_8_9_17","D",11,"Inter-Mountain Basins Aspen-Mixed Conifer Forest and Woodland",1087,4,152007,10610,17,360732,42
"197","10610_8_9_17_E","10610_8_9_17","E",1,"Inter-Mountain Basins Aspen-Mixed Conifer Forest and Woodland",1087,5,4,10610,17,360732,0
"198","10610_8_9_17_Agriculture","10610_8_9_17","Agriculture",0,"Inter-Mountain Basins Aspen-Mixed Conifer Forest and Woodland",1087,180,11,10610,17,360732,0
"199","10610_8_9_17_Developed","10610_8_9_17","Developed",0,"Inter-Mountain Basins Aspen-Mixed Conifer Forest and Woodland",1087,120,50,10610,17,360732,0
"200","10610_8_9_17_Water","10610_8_9_17","Water",0,"Inter-Mountain Basins Aspen-Mixed Conifer Forest and Woodland",NA,NA,NA,NA,NA,NA,NA
"201","10610_8_9_17_UN","10610_8_9_17","UN",0,"Inter-Mountain Basins Aspen-Mixed Conifer Forest and Woodland",NA,NA,NA,NA,NA,NA,NA
"202","10610_8_9_17_UE","10610_8_9_17","UE",0,"Inter-Mountain Basins Aspen-Mixed Conifer Forest and Woodland",1087,7,1610,10610,17,360732,0
"203","10620_13_A","10620_13","A",8,"Inter-Mountain Basins Curl-leaf Mountain Mahogany Woodland and Shrubland",497,1,488,10620,13,1197,40
"204","10620_13_B","10620_13","B",14,"Inter-Mountain Basins Curl-leaf Mountain Mahogany Woodland and Shrubland",NA,NA,NA,NA,NA,NA,NA
"205","10620_13_C","10620_13","C",12,"Inter-Mountain Basins Curl-leaf Mountain Mahogany Woodland and Shrubland",497,3,23,10620,13,1197,1
"206","10620_13_D","10620_13","D",22,"Inter-Mountain Basins Curl-leaf Mountain Mahogany Woodland and Shrubland",497,4,623,10620,13,1197,52
"207","10620_13_E","10620_13","E",44,"Inter-Mountain Basins Curl-leaf Mountain Mahogany Woodland and Shrubland",497,5,53,10620,13,1197,4
"208","10620_13_Agriculture","10620_13","Agriculture",0,"Inter-Mountain Basins Curl-leaf Mountain Mahogany Woodland and Shrubland",NA,NA,NA,NA,NA,NA,NA
"209","10620_13_Developed","10620_13","Developed",0,"Inter-Mountain Basins Curl-leaf Mountain Mahogany Woodland and Shrubland",NA,NA,NA,NA,NA,NA,NA
"210","10620_13_Water","10620_13","Water",0,"Inter-Mountain Basins Curl-leaf Mountain Mahogany Woodland and Shrubland",NA,NA,NA,NA,NA,NA,NA
"211","10620_13_UN","10620_13","UN",0,"Inter-Mountain Basins Curl-leaf Mountain Mahogany Woodland and Shrubland",NA,NA,NA,NA,NA,NA,NA
"212","10620_13_UE","10620_13","UE",0,"Inter-Mountain Basins Curl-leaf Mountain Mahogany Woodland and Shrubland",497,7,10,10620,13,1197,0
"213","10620_6_12_17_18_A","10620_6_12_17_18","A",8,"Inter-Mountain Basins Curl-leaf Mountain Mahogany Woodland and Shrubland",1059,1,345485,10620,12,476747,72
"214","10620_6_12_17_18_A","10620_6_12_17_18","A",8,"Inter-Mountain Basins Curl-leaf Mountain Mahogany Woodland and Shrubland",1088,1,612644,10620,17,1099399,55
"215","10620_6_12_17_18_B","10620_6_12_17_18","B",14,"Inter-Mountain Basins Curl-leaf Mountain Mahogany Woodland and Shrubland",1059,2,64629,10620,12,476747,13
"216","10620_6_12_17_18_B","10620_6_12_17_18","B",14,"Inter-Mountain Basins Curl-leaf Mountain Mahogany Woodland and Shrubland",1088,2,270574,10620,17,1099399,24
"217","10620_6_12_17_18_C","10620_6_12_17_18","C",12,"Inter-Mountain Basins Curl-leaf Mountain Mahogany Woodland and Shrubland",1059,3,47775,10620,12,476747,10
"218","10620_6_12_17_18_C","10620_6_12_17_18","C",12,"Inter-Mountain Basins Curl-leaf Mountain Mahogany Woodland and Shrubland",1088,3,134264,10620,17,1099399,12
"219","10620_6_12_17_18_D","10620_6_12_17_18","D",21,"Inter-Mountain Basins Curl-leaf Mountain Mahogany Woodland and Shrubland",1059,4,976,10620,12,476747,0
"220","10620_6_12_17_18_D","10620_6_12_17_18","D",21,"Inter-Mountain Basins Curl-leaf Mountain Mahogany Woodland and Shrubland",1088,4,2745,10620,17,1099399,0
"221","10620_6_12_17_18_E","10620_6_12_17_18","E",45,"Inter-Mountain Basins Curl-leaf Mountain Mahogany Woodland and Shrubland",1059,5,12043,10620,12,476747,2
"222","10620_6_12_17_18_E","10620_6_12_17_18","E",45,"Inter-Mountain Basins Curl-leaf Mountain Mahogany Woodland and Shrubland",1088,5,68909,10620,17,1099399,6
"223","10620_6_12_17_18_Agriculture","10620_6_12_17_18","Agriculture",0,"Inter-Mountain Basins Curl-leaf Mountain Mahogany Woodland and Shrubland",1059,180,71,10620,12,476747,0
"224","10620_6_12_17_18_Agriculture","10620_6_12_17_18","Agriculture",0,"Inter-Mountain Basins Curl-leaf Mountain Mahogany Woodland and Shrubland",1088,180,158,10620,17,1099399,0
"225","10620_6_12_17_18_Developed","10620_6_12_17_18","Developed",0,"Inter-Mountain Basins Curl-leaf Mountain Mahogany Woodland and Shrubland",1059,120,24,10620,12,476747,0
"226","10620_6_12_17_18_Developed","10620_6_12_17_18","Developed",0,"Inter-Mountain Basins Curl-leaf Mountain Mahogany Woodland and Shrubland",1088,120,680,10620,17,1099399,0
"227","10620_6_12_17_18_Water","10620_6_12_17_18","Water",0,"Inter-Mountain Basins Curl-leaf Mountain Mahogany Woodland and Shrubland",NA,NA,NA,NA,NA,NA,NA
"228","10620_6_12_17_18_UN","10620_6_12_17_18","UN",0,"Inter-Mountain Basins Curl-leaf Mountain Mahogany Woodland and Shrubland",NA,NA,NA,NA,NA,NA,NA
"229","10620_6_12_17_18_UE","10620_6_12_17_18","UE",0,"Inter-Mountain Basins Curl-leaf Mountain Mahogany Woodland and Shrubland",1059,7,3949,10620,12,476747,0
"230","10620_6_12_17_18_UE","10620_6_12_17_18","UE",0,"Inter-Mountain Basins Curl-leaf Mountain Mahogany Woodland and Shrubland",1088,7,6476,10620,17,1099399,0
"231","10640_15_16_17_23_24_27_28_A","10640_15_16_17_23_24_27_28","A",9,"Colorado Plateau Mixed Low Sagebrush Shrubland",1089,1,3,10640,17,336,0
"232","10640_15_16_17_23_24_27_28_B","10640_15_16_17_23_24_27_28","B",70,"Colorado Plateau Mixed Low Sagebrush Shrubland",NA,NA,NA,NA,NA,NA,NA
"233","10640_15_16_17_23_24_27_28_C","10640_15_16_17_23_24_27_28","C",21,"Colorado Plateau Mixed Low Sagebrush Shrubland",NA,NA,NA,NA,NA,NA,NA
"234","10640_15_16_17_23_24_27_28_D","10640_15_16_17_23_24_27_28","D",NA,"Colorado Plateau Mixed Low Sagebrush Shrubland",NA,NA,NA,NA,NA,NA,NA
"235","10640_15_16_17_23_24_27_28_E","10640_15_16_17_23_24_27_28","E",NA,"Colorado Plateau Mixed Low Sagebrush Shrubland",NA,NA,NA,NA,NA,NA,NA
"236","10640_15_16_17_23_24_27_28_Agriculture","10640_15_16_17_23_24_27_28","Agriculture",0,"Colorado Plateau Mixed Low Sagebrush Shrubland",1089,180,204,10640,17,336,60
"237","10640_15_16_17_23_24_27_28_Developed","10640_15_16_17_23_24_27_28","Developed",0,"Colorado Plateau Mixed Low Sagebrush Shrubland",1089,120,1,10640,17,336,0
"238","10640_15_16_17_23_24_27_28_Water","10640_15_16_17_23_24_27_28","Water",0,"Colorado Plateau Mixed Low Sagebrush Shrubland",NA,NA,NA,NA,NA,NA,NA
"239","10640_15_16_17_23_24_27_28_UN","10640_15_16_17_23_24_27_28","UN",0,"Colorado Plateau Mixed Low Sagebrush Shrubland",NA,NA,NA,NA,NA,NA,NA
"240","10640_15_16_17_23_24_27_28_UE","10640_15_16_17_23_24_27_28","UE",0,"Colorado Plateau Mixed Low Sagebrush Shrubland",1089,7,3,10640,17,336,0
"241","10790_13_A","10790_13","A",18,"Great Basin Xeric Mixed Sagebrush Shrubland",498,1,1,10790,13,313,0
"242","10790_13_B","10790_13","B",58,"Great Basin Xeric Mixed Sagebrush Shrubland",498,2,182,10790,13,313,58
"243","10790_13_C","10790_13","C",18,"Great Basin Xeric Mixed Sagebrush Shrubland",498,3,5,10790,13,313,1
"244","10790_13_D","10790_13","D",6,"Great Basin Xeric Mixed Sagebrush Shrubland",498,4,118,10790,13,313,37
"245","10790_13_E","10790_13","E",NA,"Great Basin Xeric Mixed Sagebrush Shrubland",NA,NA,NA,NA,NA,NA,NA
"246","10790_13_Agriculture","10790_13","Agriculture",0,"Great Basin Xeric Mixed Sagebrush Shrubland",NA,NA,NA,NA,NA,NA,NA
"247","10790_13_Developed","10790_13","Developed",0,"Great Basin Xeric Mixed Sagebrush Shrubland",NA,NA,NA,NA,NA,NA,NA
"248","10790_13_Water","10790_13","Water",0,"Great Basin Xeric Mixed Sagebrush Shrubland",NA,NA,NA,NA,NA,NA,NA
"249","10790_13_UN","10790_13","UN",0,"Great Basin Xeric Mixed Sagebrush Shrubland",498,6,1,10790,13,313,0
"250","10790_13_UE","10790_13","UE",0,"Great Basin Xeric Mixed Sagebrush Shrubland",498,7,1,10790,13,313,0
"251","10790_6_9_10_12_16_17_18_A","10790_6_9_10_12_16_17_18","A",13,"Great Basin Xeric Mixed Sagebrush Shrubland",1060,1,24054,10790,12,8861476,0
"252","10790_6_9_10_12_16_17_18_A","10790_6_9_10_12_16_17_18","A",13,"Great Basin Xeric Mixed Sagebrush Shrubland",1090,1,60983,10790,17,8979617,0
"253","10790_6_9_10_12_16_17_18_B","10790_6_9_10_12_16_17_18","B",63,"Great Basin Xeric Mixed Sagebrush Shrubland",1060,2,38709,10790,12,8861476,0
"254","10790_6_9_10_12_16_17_18_B","10790_6_9_10_12_16_17_18","B",63,"Great Basin Xeric Mixed Sagebrush Shrubland",1090,2,83933,10790,17,8979617,0
"255","10790_6_9_10_12_16_17_18_C","10790_6_9_10_12_16_17_18","C",16,"Great Basin Xeric Mixed Sagebrush Shrubland",1060,3,6909653,10790,12,8861476,77
"256","10790_6_9_10_12_16_17_18_C","10790_6_9_10_12_16_17_18","C",16,"Great Basin Xeric Mixed Sagebrush Shrubland",1090,3,5741594,10790,17,8979617,63
"257","10790_6_9_10_12_16_17_18_D","10790_6_9_10_12_16_17_18","D",8,"Great Basin Xeric Mixed Sagebrush Shrubland",1060,4,1625198,10790,12,8861476,18
"258","10790_6_9_10_12_16_17_18_D","10790_6_9_10_12_16_17_18","D",8,"Great Basin Xeric Mixed Sagebrush Shrubland",1090,4,2670702,10790,17,8979617,29
"259","10790_6_9_10_12_16_17_18_E","10790_6_9_10_12_16_17_18","E",NA,"Great Basin Xeric Mixed Sagebrush Shrubland",NA,NA,NA,NA,NA,NA,NA
"260","10790_6_9_10_12_16_17_18_Agriculture","10790_6_9_10_12_16_17_18","Agriculture",0,"Great Basin Xeric Mixed Sagebrush Shrubland",1060,180,4630,10790,12,8861476,0
"261","10790_6_9_10_12_16_17_18_Agriculture","10790_6_9_10_12_16_17_18","Agriculture",0,"Great Basin Xeric Mixed Sagebrush Shrubland",1090,180,29705,10790,17,8979617,0
"262","10790_6_9_10_12_16_17_18_Developed","10790_6_9_10_12_16_17_18","Developed",0,"Great Basin Xeric Mixed Sagebrush Shrubland",1060,120,37015,10790,12,8861476,0
"263","10790_6_9_10_12_16_17_18_Developed","10790_6_9_10_12_16_17_18","Developed",0,"Great Basin Xeric Mixed Sagebrush Shrubland",1090,120,55653,10790,17,8979617,0
"264","10790_6_9_10_12_16_17_18_Water","10790_6_9_10_12_16_17_18","Water",0,"Great Basin Xeric Mixed Sagebrush Shrubland",NA,NA,NA,NA,NA,NA,NA
"265","10790_6_9_10_12_16_17_18_UN","10790_6_9_10_12_16_17_18","UN",0,"Great Basin Xeric Mixed Sagebrush Shrubland",1060,6,30472,10790,12,8861476,0
"266","10790_6_9_10_12_16_17_18_UN","10790_6_9_10_12_16_17_18","UN",0,"Great Basin Xeric Mixed Sagebrush Shrubland",1090,6,49181,10790,17,8979617,0
"267","10790_6_9_10_12_16_17_18_UE","10790_6_9_10_12_16_17_18","UE",0,"Great Basin Xeric Mixed Sagebrush Shrubland",1060,7,176261,10790,12,8861476,1
"268","10790_6_9_10_12_16_17_18_UE","10790_6_9_10_12_16_17_18","UE",0,"Great Basin Xeric Mixed Sagebrush Shrubland",1090,7,274350,10790,17,8979617,3
"269","10800_13_14_A","10800_13_14","A",15,"Inter-Mountain Basins Big Sagebrush Shrubland",NA,NA,NA,NA,NA,NA,NA
"270","10800_13_14_B","10800_13_14","B",46,"Inter-Mountain Basins Big Sagebrush Shrubland",499,2,18,10800,13,2319,0
"271","10800_13_14_C","10800_13_14","C",27,"Inter-Mountain Basins Big Sagebrush Shrubland",499,3,2026,10800,13,2319,87
"272","10800_13_14_D","10800_13_14","D",9,"Inter-Mountain Basins Big Sagebrush Shrubland",499,4,1,10800,13,2319,0
"273","10800_13_14_E","10800_13_14","E",3,"Inter-Mountain Basins Big Sagebrush Shrubland",NA,NA,NA,NA,NA,NA,NA
"274","10800_13_14_Agriculture","10800_13_14","Agriculture",0,"Inter-Mountain Basins Big Sagebrush Shrubland",NA,NA,NA,NA,NA,NA,NA
"275","10800_13_14_Developed","10800_13_14","Developed",0,"Inter-Mountain Basins Big Sagebrush Shrubland",NA,NA,NA,NA,NA,NA,NA
"276","10800_13_14_Water","10800_13_14","Water",0,"Inter-Mountain Basins Big Sagebrush Shrubland",NA,NA,NA,NA,NA,NA,NA
"277","10800_13_14_UN","10800_13_14","UN",0,"Inter-Mountain Basins Big Sagebrush Shrubland",499,6,1,10800,13,2319,0
"278","10800_13_14_UE","10800_13_14","UE",0,"Inter-Mountain Basins Big Sagebrush Shrubland",499,7,273,10800,13,2319,11
"279","10803_6_12_15_16_17_18_23_24_25_A","10803_6_12_15_16_17_18_23_24_25","A",13,"Inter-Mountain Basins Big Sagebrush Shrubland - Semi-Desert",2702,1,19504,10803,12,2581893,0
"280","10803_6_12_15_16_17_18_23_24_25_A","10803_6_12_15_16_17_18_23_24_25","A",13,"Inter-Mountain Basins Big Sagebrush Shrubland - Semi-Desert",2708,1,4890,10803,17,649269,0
"281","10803_6_12_15_16_17_18_23_24_25_B","10803_6_12_15_16_17_18_23_24_25","B",13,"Inter-Mountain Basins Big Sagebrush Shrubland - Semi-Desert",2702,2,36047,10803,12,2581893,1
"282","10803_6_12_15_16_17_18_23_24_25_B","10803_6_12_15_16_17_18_23_24_25","B",13,"Inter-Mountain Basins Big Sagebrush Shrubland - Semi-Desert",2708,2,6166,10803,17,649269,0
"283","10803_6_12_15_16_17_18_23_24_25_C","10803_6_12_15_16_17_18_23_24_25","C",74,"Inter-Mountain Basins Big Sagebrush Shrubland - Semi-Desert",2702,3,2381729,10803,12,2581893,92
"284","10803_6_12_15_16_17_18_23_24_25_C","10803_6_12_15_16_17_18_23_24_25","C",74,"Inter-Mountain Basins Big Sagebrush Shrubland - Semi-Desert",2708,3,540398,10803,17,649269,83
"285","10803_6_12_15_16_17_18_23_24_25_D","10803_6_12_15_16_17_18_23_24_25","D",NA,"Inter-Mountain Basins Big Sagebrush Shrubland - Semi-Desert",NA,NA,NA,NA,NA,NA,NA
"286","10803_6_12_15_16_17_18_23_24_25_E","10803_6_12_15_16_17_18_23_24_25","E",NA,"Inter-Mountain Basins Big Sagebrush Shrubland - Semi-Desert",NA,NA,NA,NA,NA,NA,NA
"287","10803_6_12_15_16_17_18_23_24_25_Agriculture","10803_6_12_15_16_17_18_23_24_25","Agriculture",0,"Inter-Mountain Basins Big Sagebrush Shrubland - Semi-Desert",2702,180,14721,10803,12,2581893,0
"288","10803_6_12_15_16_17_18_23_24_25_Agriculture","10803_6_12_15_16_17_18_23_24_25","Agriculture",0,"Inter-Mountain Basins Big Sagebrush Shrubland - Semi-Desert",2708,180,25171,10803,17,649269,3
"289","10803_6_12_15_16_17_18_23_24_25_Developed","10803_6_12_15_16_17_18_23_24_25","Developed",0,"Inter-Mountain Basins Big Sagebrush Shrubland - Semi-Desert",2702,120,12269,10803,12,2581893,0
"290","10803_6_12_15_16_17_18_23_24_25_Developed","10803_6_12_15_16_17_18_23_24_25","Developed",0,"Inter-Mountain Basins Big Sagebrush Shrubland - Semi-Desert",2708,120,20460,10803,17,649269,3
"291","10803_6_12_15_16_17_18_23_24_25_Water","10803_6_12_15_16_17_18_23_24_25","Water",0,"Inter-Mountain Basins Big Sagebrush Shrubland - Semi-Desert",NA,NA,NA,NA,NA,NA,NA
"292","10803_6_12_15_16_17_18_23_24_25_UN","10803_6_12_15_16_17_18_23_24_25","UN",0,"Inter-Mountain Basins Big Sagebrush Shrubland - Semi-Desert",2702,6,32550,10803,12,2581893,1
"293","10803_6_12_15_16_17_18_23_24_25_UN","10803_6_12_15_16_17_18_23_24_25","UN",0,"Inter-Mountain Basins Big Sagebrush Shrubland - Semi-Desert",2708,6,5563,10803,17,649269,0
"294","10803_6_12_15_16_17_18_23_24_25_UE","10803_6_12_15_16_17_18_23_24_25","UE",0,"Inter-Mountain Basins Big Sagebrush Shrubland - Semi-Desert",2702,7,81456,10803,12,2581893,3
"295","10803_6_12_15_16_17_18_23_24_25_UE","10803_6_12_15_16_17_18_23_24_25","UE",0,"Inter-Mountain Basins Big Sagebrush Shrubland - Semi-Desert",2708,7,43602,10803,17,649269,6
"296","10804_6_12_15_16_17_18_23_24_25_A","10804_6_12_15_16_17_18_23_24_25","A",16,"Inter-Mountain Basins Big Sagebrush Shrubland - Upland",2703,1,68476,10804,12,2871414,2
"297","10804_6_12_15_16_17_18_23_24_25_A","10804_6_12_15_16_17_18_23_24_25","A",16,"Inter-Mountain Basins Big Sagebrush Shrubland - Upland",2709,1,29158,10804,17,3401787,0
"298","10804_6_12_15_16_17_18_23_24_25_B","10804_6_12_15_16_17_18_23_24_25","B",16,"Inter-Mountain Basins Big Sagebrush Shrubland - Upland",2703,2,7465,10804,12,2871414,0
"299","10804_6_12_15_16_17_18_23_24_25_B","10804_6_12_15_16_17_18_23_24_25","B",16,"Inter-Mountain Basins Big Sagebrush Shrubland - Upland",2709,2,24159,10804,17,3401787,0
"300","10804_6_12_15_16_17_18_23_24_25_C","10804_6_12_15_16_17_18_23_24_25","C",24,"Inter-Mountain Basins Big Sagebrush Shrubland - Upland",2703,3,2005691,10804,12,2871414,69
"301","10804_6_12_15_16_17_18_23_24_25_C","10804_6_12_15_16_17_18_23_24_25","C",24,"Inter-Mountain Basins Big Sagebrush Shrubland - Upland",2709,3,1984831,10804,17,3401787,58
"302","10804_6_12_15_16_17_18_23_24_25_D","10804_6_12_15_16_17_18_23_24_25","D",24,"Inter-Mountain Basins Big Sagebrush Shrubland - Upland",2703,4,125446,10804,12,2871414,4
"303","10804_6_12_15_16_17_18_23_24_25_D","10804_6_12_15_16_17_18_23_24_25","D",24,"Inter-Mountain Basins Big Sagebrush Shrubland - Upland",2709,4,255886,10804,17,3401787,7
"304","10804_6_12_15_16_17_18_23_24_25_E","10804_6_12_15_16_17_18_23_24_25","E",20,"Inter-Mountain Basins Big Sagebrush Shrubland - Upland",2703,5,564204,10804,12,2871414,19
"305","10804_6_12_15_16_17_18_23_24_25_E","10804_6_12_15_16_17_18_23_24_25","E",20,"Inter-Mountain Basins Big Sagebrush Shrubland - Upland",2709,5,895238,10804,17,3401787,26
"306","10804_6_12_15_16_17_18_23_24_25_Agriculture","10804_6_12_15_16_17_18_23_24_25","Agriculture",0,"Inter-Mountain Basins Big Sagebrush Shrubland - Upland",2703,180,4423,10804,12,2871414,0
"307","10804_6_12_15_16_17_18_23_24_25_Agriculture","10804_6_12_15_16_17_18_23_24_25","Agriculture",0,"Inter-Mountain Basins Big Sagebrush Shrubland - Upland",2709,180,42890,10804,17,3401787,1
"308","10804_6_12_15_16_17_18_23_24_25_Developed","10804_6_12_15_16_17_18_23_24_25","Developed",0,"Inter-Mountain Basins Big Sagebrush Shrubland - Upland",2703,120,10950,10804,12,2871414,0
"309","10804_6_12_15_16_17_18_23_24_25_Developed","10804_6_12_15_16_17_18_23_24_25","Developed",0,"Inter-Mountain Basins Big Sagebrush Shrubland - Upland",2709,120,23096,10804,17,3401787,0
"310","10804_6_12_15_16_17_18_23_24_25_Water","10804_6_12_15_16_17_18_23_24_25","Water",0,"Inter-Mountain Basins Big Sagebrush Shrubland - Upland",NA,NA,NA,NA,NA,NA,NA
"311","10804_6_12_15_16_17_18_23_24_25_UN","10804_6_12_15_16_17_18_23_24_25","UN",0,"Inter-Mountain Basins Big Sagebrush Shrubland - Upland",2703,6,253,10804,12,2871414,0
"312","10804_6_12_15_16_17_18_23_24_25_UN","10804_6_12_15_16_17_18_23_24_25","UN",0,"Inter-Mountain Basins Big Sagebrush Shrubland - Upland",2709,6,2933,10804,17,3401787,0
"313","10804_6_12_15_16_17_18_23_24_25_UE","10804_6_12_15_16_17_18_23_24_25","UE",0,"Inter-Mountain Basins Big Sagebrush Shrubland - Upland",2703,7,82460,10804,12,2871414,2
"314","10804_6_12_15_16_17_18_23_24_25_UE","10804_6_12_15_16_17_18_23_24_25","UE",0,"Inter-Mountain Basins Big Sagebrush Shrubland - Upland",2709,7,141031,10804,17,3401787,4
"315","10810_6_12_13_17_A","10810_6_12_13_17","A",4,"Inter-Mountain Basins Mixed Salt Desert Scrub",1062,1,2635,10810,12,3117015,0
"316","10810_6_12_13_17_A","10810_6_12_13_17","A",4,"Inter-Mountain Basins Mixed Salt Desert Scrub",1092,1,893,10810,17,1423232,0
"317","10810_6_12_13_17_B","10810_6_12_13_17","B",51,"Inter-Mountain Basins Mixed Salt Desert Scrub",500,2,29,10810,13,355,8
"318","10810_6_12_13_17_B","10810_6_12_13_17","B",51,"Inter-Mountain Basins Mixed Salt Desert Scrub",1062,2,272240,10810,12,3117015,8
"319","10810_6_12_13_17_B","10810_6_12_13_17","B",51,"Inter-Mountain Basins Mixed Salt Desert Scrub",1092,2,87917,10810,17,1423232,6
"320","10810_6_12_13_17_C","10810_6_12_13_17","C",45,"Inter-Mountain Basins Mixed Salt Desert Scrub",500,3,49,10810,13,355,13
"321","10810_6_12_13_17_C","10810_6_12_13_17","C",45,"Inter-Mountain Basins Mixed Salt Desert Scrub",1062,3,2564542,10810,12,3117015,82
"322","10810_6_12_13_17_C","10810_6_12_13_17","C",45,"Inter-Mountain Basins Mixed Salt Desert Scrub",1092,3,1156704,10810,17,1423232,81
"323","10810_6_12_13_17_D","10810_6_12_13_17","D",NA,"Inter-Mountain Basins Mixed Salt Desert Scrub",NA,NA,NA,NA,NA,NA,NA
"324","10810_6_12_13_17_E","10810_6_12_13_17","E",NA,"Inter-Mountain Basins Mixed Salt Desert Scrub",NA,NA,NA,NA,NA,NA,NA
"325","10810_6_12_13_17_Agriculture","10810_6_12_13_17","Agriculture",0,"Inter-Mountain Basins Mixed Salt Desert Scrub",1062,180,27372,10810,12,3117015,0
"326","10810_6_12_13_17_Agriculture","10810_6_12_13_17","Agriculture",0,"Inter-Mountain Basins Mixed Salt Desert Scrub",1092,180,31255,10810,17,1423232,2
"327","10810_6_12_13_17_Developed","10810_6_12_13_17","Developed",0,"Inter-Mountain Basins Mixed Salt Desert Scrub",500,120,263,10810,13,355,74
"328","10810_6_12_13_17_Developed","10810_6_12_13_17","Developed",0,"Inter-Mountain Basins Mixed Salt Desert Scrub",1062,120,17756,10810,12,3117015,0
"329","10810_6_12_13_17_Developed","10810_6_12_13_17","Developed",0,"Inter-Mountain Basins Mixed Salt Desert Scrub",1092,120,17556,10810,17,1423232,1
"330","10810_6_12_13_17_Water","10810_6_12_13_17","Water",0,"Inter-Mountain Basins Mixed Salt Desert Scrub",NA,NA,NA,NA,NA,NA,NA
"331","10810_6_12_13_17_UN","10810_6_12_13_17","UN",0,"Inter-Mountain Basins Mixed Salt Desert Scrub",500,6,4,10810,13,355,1
"332","10810_6_12_13_17_UN","10810_6_12_13_17","UN",0,"Inter-Mountain Basins Mixed Salt Desert Scrub",1062,6,7437,10810,12,3117015,0
"333","10810_6_12_13_17_UN","10810_6_12_13_17","UN",0,"Inter-Mountain Basins Mixed Salt Desert Scrub",1092,6,9245,10810,17,1423232,0
"334","10810_6_12_13_17_UE","10810_6_12_13_17","UE",0,"Inter-Mountain Basins Mixed Salt Desert Scrub",500,7,9,10810,13,355,2
"335","10810_6_12_13_17_UE","10810_6_12_13_17","UE",0,"Inter-Mountain Basins Mixed Salt Desert Scrub",1062,7,190426,10810,12,3117015,6
"336","10810_6_12_13_17_UE","10810_6_12_13_17","UE",0,"Inter-Mountain Basins Mixed Salt Desert Scrub",1092,7,104932,10810,17,1423232,7
"337","10820_12_15_16_17_23_24_A","10820_12_15_16_17_23_24","A",12,"Mojave Mid-Elevation Mixed Desert Scrub",1063,1,1282443,10820,12,1522020,84
"338","10820_12_15_16_17_23_24_A","10820_12_15_16_17_23_24","A",12,"Mojave Mid-Elevation Mixed Desert Scrub",1093,1,446688,10820,17,1180116,37
"339","10820_12_15_16_17_23_24_B","10820_12_15_16_17_23_24","B",88,"Mojave Mid-Elevation Mixed Desert Scrub",1063,2,143067,10820,12,1522020,9
"340","10820_12_15_16_17_23_24_B","10820_12_15_16_17_23_24","B",88,"Mojave Mid-Elevation Mixed Desert Scrub",1093,2,402702,10820,17,1180116,34
"341","10820_12_15_16_17_23_24_C","10820_12_15_16_17_23_24","C",NA,"Mojave Mid-Elevation Mixed Desert Scrub",NA,NA,NA,NA,NA,NA,NA
"342","10820_12_15_16_17_23_24_D","10820_12_15_16_17_23_24","D",NA,"Mojave Mid-Elevation Mixed Desert Scrub",NA,NA,NA,NA,NA,NA,NA
"343","10820_12_15_16_17_23_24_E","10820_12_15_16_17_23_24","E",NA,"Mojave Mid-Elevation Mixed Desert Scrub",NA,NA,NA,NA,NA,NA,NA
"344","10820_12_15_16_17_23_24_Agriculture","10820_12_15_16_17_23_24","Agriculture",0,"Mojave Mid-Elevation Mixed Desert Scrub",1063,180,1144,10820,12,1522020,0
"345","10820_12_15_16_17_23_24_Agriculture","10820_12_15_16_17_23_24","Agriculture",0,"Mojave Mid-Elevation Mixed Desert Scrub",1093,180,3015,10820,17,1180116,0
"346","10820_12_15_16_17_23_24_Developed","10820_12_15_16_17_23_24","Developed",0,"Mojave Mid-Elevation Mixed Desert Scrub",1063,120,10881,10820,12,1522020,0
"347","10820_12_15_16_17_23_24_Developed","10820_12_15_16_17_23_24","Developed",0,"Mojave Mid-Elevation Mixed Desert Scrub",1093,120,1432,10820,17,1180116,0
"348","10820_12_15_16_17_23_24_Water","10820_12_15_16_17_23_24","Water",0,"Mojave Mid-Elevation Mixed Desert Scrub",NA,NA,NA,NA,NA,NA,NA
"349","10820_12_15_16_17_23_24_UN","10820_12_15_16_17_23_24","UN",0,"Mojave Mid-Elevation Mixed Desert Scrub",1063,6,34753,10820,12,1522020,2
"350","10820_12_15_16_17_23_24_UN","10820_12_15_16_17_23_24","UN",0,"Mojave Mid-Elevation Mixed Desert Scrub",1093,6,225554,10820,17,1180116,19
"351","10820_12_15_16_17_23_24_UE","10820_12_15_16_17_23_24","UE",0,"Mojave Mid-Elevation Mixed Desert Scrub",1063,7,48861,10820,12,1522020,3
"352","10820_12_15_16_17_23_24_UE","10820_12_15_16_17_23_24","UE",0,"Mojave Mid-Elevation Mixed Desert Scrub",1093,7,100446,10820,17,1180116,8
"353","10820_4_13_A","10820_4_13","A",26,"Mojave Mid-Elevation Mixed Desert Scrub",501,1,1784119,10820,13,2144147,83
"354","10820_4_13_B","10820_4_13","B",74,"Mojave Mid-Elevation Mixed Desert Scrub",501,2,232243,10820,13,2144147,10
"355","10820_4_13_C","10820_4_13","C",NA,"Mojave Mid-Elevation Mixed Desert Scrub",NA,NA,NA,NA,NA,NA,NA
"356","10820_4_13_D","10820_4_13","D",NA,"Mojave Mid-Elevation Mixed Desert Scrub",NA,NA,NA,NA,NA,NA,NA
"357","10820_4_13_E","10820_4_13","E",NA,"Mojave Mid-Elevation Mixed Desert Scrub",NA,NA,NA,NA,NA,NA,NA
"358","10820_4_13_Agriculture","10820_4_13","Agriculture",0,"Mojave Mid-Elevation Mixed Desert Scrub",501,180,437,10820,13,2144147,0
"359","10820_4_13_Developed","10820_4_13","Developed",0,"Mojave Mid-Elevation Mixed Desert Scrub",501,120,3574,10820,13,2144147,0
"360","10820_4_13_Water","10820_4_13","Water",0,"Mojave Mid-Elevation Mixed Desert Scrub",NA,NA,NA,NA,NA,NA,NA
"361","10820_4_13_UN","10820_4_13","UN",0,"Mojave Mid-Elevation Mixed Desert Scrub",501,6,15039,10820,13,2144147,0
"362","10820_4_13_UE","10820_4_13","UE",0,"Mojave Mid-Elevation Mixed Desert Scrub",501,7,105658,10820,13,2144147,4
"363","10860_13_16_17_18_21_23_A","10860_13_16_17_18_21_23","A",6,"Rocky Mountain Lower Montane-Foothill Shrubland",1094,1,12183,10860,17,84709,14
"364","10860_13_16_17_18_21_23_B","10860_13_16_17_18_21_23","B",18,"Rocky Mountain Lower Montane-Foothill Shrubland",1094,2,5864,10860,17,84709,6
"365","10860_13_16_17_18_21_23_C","10860_13_16_17_18_21_23","C",70,"Rocky Mountain Lower Montane-Foothill Shrubland",1094,3,6657,10860,17,84709,7
"366","10860_13_16_17_18_21_23_D","10860_13_16_17_18_21_23","D",6,"Rocky Mountain Lower Montane-Foothill Shrubland",1094,4,34938,10860,17,84709,41
"367","10860_13_16_17_18_21_23_E","10860_13_16_17_18_21_23","E",NA,"Rocky Mountain Lower Montane-Foothill Shrubland",NA,NA,NA,NA,NA,NA,NA
"368","10860_13_16_17_18_21_23_Agriculture","10860_13_16_17_18_21_23","Agriculture",0,"Rocky Mountain Lower Montane-Foothill Shrubland",1094,180,23,10860,17,84709,0
"369","10860_13_16_17_18_21_23_Developed","10860_13_16_17_18_21_23","Developed",0,"Rocky Mountain Lower Montane-Foothill Shrubland",1094,120,315,10860,17,84709,0
"370","10860_13_16_17_18_21_23_Water","10860_13_16_17_18_21_23","Water",0,"Rocky Mountain Lower Montane-Foothill Shrubland",NA,NA,NA,NA,NA,NA,NA
"371","10860_13_16_17_18_21_23_UN","10860_13_16_17_18_21_23","UN",0,"Rocky Mountain Lower Montane-Foothill Shrubland",1094,6,24041,10860,17,84709,28
"372","10860_13_16_17_18_21_23_UE","10860_13_16_17_18_21_23","UE",0,"Rocky Mountain Lower Montane-Foothill Shrubland",1094,7,678,10860,17,84709,0
"373","10870_4_6_12_13_14_15_17_24_25_A","10870_4_6_12_13_14_15_17_24_25","A",15,"Sonora-Mojave Creosotebush-White Bursage Desert Scrub",503,1,20,10870,13,1189652,0
"374","10870_4_6_12_13_14_15_17_24_25_A","10870_4_6_12_13_14_15_17_24_25","A",15,"Sonora-Mojave Creosotebush-White Bursage Desert Scrub",1064,1,46,10870,12,316139,0
"375","10870_4_6_12_13_14_15_17_24_25_A","10870_4_6_12_13_14_15_17_24_25","A",15,"Sonora-Mojave Creosotebush-White Bursage Desert Scrub",1095,1,144,10870,17,64364,0
"376","10870_4_6_12_13_14_15_17_24_25_B","10870_4_6_12_13_14_15_17_24_25","B",85,"Sonora-Mojave Creosotebush-White Bursage Desert Scrub",503,2,1015518,10870,13,1189652,85
"377","10870_4_6_12_13_14_15_17_24_25_B","10870_4_6_12_13_14_15_17_24_25","B",85,"Sonora-Mojave Creosotebush-White Bursage Desert Scrub",1064,2,260565,10870,12,316139,82
"378","10870_4_6_12_13_14_15_17_24_25_B","10870_4_6_12_13_14_15_17_24_25","B",85,"Sonora-Mojave Creosotebush-White Bursage Desert Scrub",1095,2,42951,10870,17,64364,66
"379","10870_4_6_12_13_14_15_17_24_25_C","10870_4_6_12_13_14_15_17_24_25","C",NA,"Sonora-Mojave Creosotebush-White Bursage Desert Scrub",NA,NA,NA,NA,NA,NA,NA
"380","10870_4_6_12_13_14_15_17_24_25_D","10870_4_6_12_13_14_15_17_24_25","D",NA,"Sonora-Mojave Creosotebush-White Bursage Desert Scrub",NA,NA,NA,NA,NA,NA,NA
"381","10870_4_6_12_13_14_15_17_24_25_E","10870_4_6_12_13_14_15_17_24_25","E",NA,"Sonora-Mojave Creosotebush-White Bursage Desert Scrub",NA,NA,NA,NA,NA,NA,NA
"382","10870_4_6_12_13_14_15_17_24_25_Agriculture","10870_4_6_12_13_14_15_17_24_25","Agriculture",0,"Sonora-Mojave Creosotebush-White Bursage Desert Scrub",503,180,183,10870,13,1189652,0
"383","10870_4_6_12_13_14_15_17_24_25_Agriculture","10870_4_6_12_13_14_15_17_24_25","Agriculture",0,"Sonora-Mojave Creosotebush-White Bursage Desert Scrub",1064,180,2959,10870,12,316139,0
"384","10870_4_6_12_13_14_15_17_24_25_Agriculture","10870_4_6_12_13_14_15_17_24_25","Agriculture",0,"Sonora-Mojave Creosotebush-White Bursage Desert Scrub",1095,180,272,10870,17,64364,0
"385","10870_4_6_12_13_14_15_17_24_25_Developed","10870_4_6_12_13_14_15_17_24_25","Developed",0,"Sonora-Mojave Creosotebush-White Bursage Desert Scrub",503,120,1660,10870,13,1189652,0
"386","10870_4_6_12_13_14_15_17_24_25_Developed","10870_4_6_12_13_14_15_17_24_25","Developed",0,"Sonora-Mojave Creosotebush-White Bursage Desert Scrub",1064,120,3680,10870,12,316139,1
"387","10870_4_6_12_13_14_15_17_24_25_Developed","10870_4_6_12_13_14_15_17_24_25","Developed",0,"Sonora-Mojave Creosotebush-White Bursage Desert Scrub",1095,120,109,10870,17,64364,0
"388","10870_4_6_12_13_14_15_17_24_25_Water","10870_4_6_12_13_14_15_17_24_25","Water",0,"Sonora-Mojave Creosotebush-White Bursage Desert Scrub",NA,NA,NA,NA,NA,NA,NA
"389","10870_4_6_12_13_14_15_17_24_25_UN","10870_4_6_12_13_14_15_17_24_25","UN",0,"Sonora-Mojave Creosotebush-White Bursage Desert Scrub",503,6,5886,10870,13,1189652,0
"390","10870_4_6_12_13_14_15_17_24_25_UN","10870_4_6_12_13_14_15_17_24_25","UN",0,"Sonora-Mojave Creosotebush-White Bursage Desert Scrub",1064,6,11683,10870,12,316139,3
"391","10870_4_6_12_13_14_15_17_24_25_UN","10870_4_6_12_13_14_15_17_24_25","UN",0,"Sonora-Mojave Creosotebush-White Bursage Desert Scrub",1095,6,15691,10870,17,64364,24
"392","10870_4_6_12_13_14_15_17_24_25_UE","10870_4_6_12_13_14_15_17_24_25","UE",0,"Sonora-Mojave Creosotebush-White Bursage Desert Scrub",503,7,152214,10870,13,1189652,12
"393","10870_4_6_12_13_14_15_17_24_25_UE","10870_4_6_12_13_14_15_17_24_25","UE",0,"Sonora-Mojave Creosotebush-White Bursage Desert Scrub",1064,7,30646,10870,12,316139,9
"394","10870_4_6_12_13_14_15_17_24_25_UE","10870_4_6_12_13_14_15_17_24_25","UE",0,"Sonora-Mojave Creosotebush-White Bursage Desert Scrub",1095,7,5167,10870,17,64364,8
"395","10880_12_13_14_25_A","10880_12_13_14_25","A",13,"Sonora-Mojave Mixed Salt Desert Scrub",1065,1,24,10880,12,68,35
"396","10880_12_13_14_25_B","10880_12_13_14_25","B",87,"Sonora-Mojave Mixed Salt Desert Scrub",1065,2,18,10880,12,68,26
"397","10880_12_13_14_25_C","10880_12_13_14_25","C",NA,"Sonora-Mojave Mixed Salt Desert Scrub",NA,NA,NA,NA,NA,NA,NA
"398","10880_12_13_14_25_D","10880_12_13_14_25","D",NA,"Sonora-Mojave Mixed Salt Desert Scrub",NA,NA,NA,NA,NA,NA,NA
"399","10880_12_13_14_25_E","10880_12_13_14_25","E",NA,"Sonora-Mojave Mixed Salt Desert Scrub",NA,NA,NA,NA,NA,NA,NA
"400","10880_12_13_14_25_Agriculture","10880_12_13_14_25","Agriculture",0,"Sonora-Mojave Mixed Salt Desert Scrub",NA,NA,NA,NA,NA,NA,NA
"401","10880_12_13_14_25_Developed","10880_12_13_14_25","Developed",0,"Sonora-Mojave Mixed Salt Desert Scrub",NA,NA,NA,NA,NA,NA,NA
"402","10880_12_13_14_25_Water","10880_12_13_14_25","Water",0,"Sonora-Mojave Mixed Salt Desert Scrub",NA,NA,NA,NA,NA,NA,NA
"403","10880_12_13_14_25_UN","10880_12_13_14_25","UN",0,"Sonora-Mojave Mixed Salt Desert Scrub",1065,6,25,10880,12,68,36
"404","10880_12_13_14_25_UE","10880_12_13_14_25","UE",0,"Sonora-Mojave Mixed Salt Desert Scrub",1065,7,1,10880,12,68,1
"405","10930_13_15_16_23_24_28_A","10930_13_15_16_23_24_28","A",23,"Southern Colorado Plateau Sand Shrubland",NA,NA,NA,NA,NA,NA,NA
"406","10930_13_15_16_23_24_28_B","10930_13_15_16_23_24_28","B",76,"Southern Colorado Plateau Sand Shrubland",NA,NA,NA,NA,NA,NA,NA
"407","10930_13_15_16_23_24_28_C","10930_13_15_16_23_24_28","C",1,"Southern Colorado Plateau Sand Shrubland",506,3,3,10930,13,3,100
"408","10930_13_15_16_23_24_28_D","10930_13_15_16_23_24_28","D",NA,"Southern Colorado Plateau Sand Shrubland",NA,NA,NA,NA,NA,NA,NA
"409","10930_13_15_16_23_24_28_E","10930_13_15_16_23_24_28","E",NA,"Southern Colorado Plateau Sand Shrubland",NA,NA,NA,NA,NA,NA,NA
"410","10930_13_15_16_23_24_28_Agriculture","10930_13_15_16_23_24_28","Agriculture",0,"Southern Colorado Plateau Sand Shrubland",NA,NA,NA,NA,NA,NA,NA
"411","10930_13_15_16_23_24_28_Developed","10930_13_15_16_23_24_28","Developed",0,"Southern Colorado Plateau Sand Shrubland",NA,NA,NA,NA,NA,NA,NA
"412","10930_13_15_16_23_24_28_Water","10930_13_15_16_23_24_28","Water",0,"Southern Colorado Plateau Sand Shrubland",NA,NA,NA,NA,NA,NA,NA
"413","10930_13_15_16_23_24_28_UN","10930_13_15_16_23_24_28","UN",0,"Southern Colorado Plateau Sand Shrubland",NA,NA,NA,NA,NA,NA,NA
"414","10930_13_15_16_23_24_28_UE","10930_13_15_16_23_24_28","UE",0,"Southern Colorado Plateau Sand Shrubland",NA,NA,NA,NA,NA,NA,NA
"415","11030_6_7_12_13_16_17_23_A","11030_6_7_12_13_16_17_23","A",17,"Great Basin Semi-Desert Chaparral",508,1,1441,11030,13,7220,19
"416","11030_6_7_12_13_16_17_23_A","11030_6_7_12_13_16_17_23","A",17,"Great Basin Semi-Desert Chaparral",1066,1,395782,11030,12,507850,77
"417","11030_6_7_12_13_16_17_23_A","11030_6_7_12_13_16_17_23","A",17,"Great Basin Semi-Desert Chaparral",1096,1,111770,11030,17,488813,22
"418","11030_6_7_12_13_16_17_23_B","11030_6_7_12_13_16_17_23","B",83,"Great Basin Semi-Desert Chaparral",508,2,5730,11030,13,7220,79
"419","11030_6_7_12_13_16_17_23_B","11030_6_7_12_13_16_17_23","B",83,"Great Basin Semi-Desert Chaparral",1066,2,98487,11030,12,507850,19
"420","11030_6_7_12_13_16_17_23_B","11030_6_7_12_13_16_17_23","B",83,"Great Basin Semi-Desert Chaparral",1096,2,364435,11030,17,488813,74
"421","11030_6_7_12_13_16_17_23_C","11030_6_7_12_13_16_17_23","C",NA,"Great Basin Semi-Desert Chaparral",NA,NA,NA,NA,NA,NA,NA
"422","11030_6_7_12_13_16_17_23_D","11030_6_7_12_13_16_17_23","D",NA,"Great Basin Semi-Desert Chaparral",NA,NA,NA,NA,NA,NA,NA
"423","11030_6_7_12_13_16_17_23_E","11030_6_7_12_13_16_17_23","E",NA,"Great Basin Semi-Desert Chaparral",NA,NA,NA,NA,NA,NA,NA
"424","11030_6_7_12_13_16_17_23_Agriculture","11030_6_7_12_13_16_17_23","Agriculture",0,"Great Basin Semi-Desert Chaparral",1066,180,25,11030,12,507850,0
"425","11030_6_7_12_13_16_17_23_Agriculture","11030_6_7_12_13_16_17_23","Agriculture",0,"Great Basin Semi-Desert Chaparral",1096,180,211,11030,17,488813,0
"426","11030_6_7_12_13_16_17_23_Developed","11030_6_7_12_13_16_17_23","Developed",0,"Great Basin Semi-Desert Chaparral",1066,120,431,11030,12,507850,0
"427","11030_6_7_12_13_16_17_23_Developed","11030_6_7_12_13_16_17_23","Developed",0,"Great Basin Semi-Desert Chaparral",1096,120,907,11030,17,488813,0
"428","11030_6_7_12_13_16_17_23_Water","11030_6_7_12_13_16_17_23","Water",0,"Great Basin Semi-Desert Chaparral",NA,NA,NA,NA,NA,NA,NA
"429","11030_6_7_12_13_16_17_23_UN","11030_6_7_12_13_16_17_23","UN",0,"Great Basin Semi-Desert Chaparral",1096,6,230,11030,17,488813,0
"430","11030_6_7_12_13_16_17_23_UE","11030_6_7_12_13_16_17_23","UE",0,"Great Basin Semi-Desert Chaparral",508,7,49,11030,13,7220,0
"431","11030_6_7_12_13_16_17_23_UE","11030_6_7_12_13_16_17_23","UE",0,"Great Basin Semi-Desert Chaparral",1066,7,12966,11030,12,507850,2
"432","11030_6_7_12_13_16_17_23_UE","11030_6_7_12_13_16_17_23","UE",0,"Great Basin Semi-Desert Chaparral",1096,7,7210,11030,17,488813,1
"433","11040_17_A","11040_17","A",17,"Mogollon Chaparral",1097,1,110928,11040,17,169182,65
"434","11040_17_B","11040_17","B",83,"Mogollon Chaparral",1097,2,5217,11040,17,169182,3
"435","11040_17_C","11040_17","C",NA,"Mogollon Chaparral",NA,NA,NA,NA,NA,NA,NA
"436","11040_17_D","11040_17","D",NA,"Mogollon Chaparral",NA,NA,NA,NA,NA,NA,NA
"437","11040_17_E","11040_17","E",NA,"Mogollon Chaparral",NA,NA,NA,NA,NA,NA,NA
"438","11040_17_Agriculture","11040_17","Agriculture",0,"Mogollon Chaparral",1097,180,15,11040,17,169182,0
"439","11040_17_Developed","11040_17","Developed",0,"Mogollon Chaparral",1097,120,400,11040,17,169182,0
"440","11040_17_Water","11040_17","Water",0,"Mogollon Chaparral",NA,NA,NA,NA,NA,NA,NA
"441","11040_17_UN","11040_17","UN",0,"Mogollon Chaparral",1097,6,47825,11040,17,169182,28
"442","11040_17_UE","11040_17","UE",0,"Mogollon Chaparral",1097,7,4488,11040,17,169182,2
"443","11070_13_A","11070_13","A",7,"Rocky Mountain Gambel Oak-Mixed Montane Shrubland",510,1,28,11070,13,43,65
"444","11070_13_B","11070_13","B",33,"Rocky Mountain Gambel Oak-Mixed Montane Shrubland",NA,NA,NA,NA,NA,NA,NA
"445","11070_13_C","11070_13","C",60,"Rocky Mountain Gambel Oak-Mixed Montane Shrubland",510,3,15,11070,13,43,34
"446","11070_13_D","11070_13","D",NA,"Rocky Mountain Gambel Oak-Mixed Montane Shrubland",NA,NA,NA,NA,NA,NA,NA
"447","11070_13_E","11070_13","E",NA,"Rocky Mountain Gambel Oak-Mixed Montane Shrubland",NA,NA,NA,NA,NA,NA,NA
"448","11070_13_Agriculture","11070_13","Agriculture",0,"Rocky Mountain Gambel Oak-Mixed Montane Shrubland",NA,NA,NA,NA,NA,NA,NA
"449","11070_13_Developed","11070_13","Developed",0,"Rocky Mountain Gambel Oak-Mixed Montane Shrubland",NA,NA,NA,NA,NA,NA,NA
"450","11070_13_Water","11070_13","Water",0,"Rocky Mountain Gambel Oak-Mixed Montane Shrubland",NA,NA,NA,NA,NA,NA,NA
"451","11070_13_UN","11070_13","UN",0,"Rocky Mountain Gambel Oak-Mixed Montane Shrubland",NA,NA,NA,NA,NA,NA,NA
"452","11070_13_UE","11070_13","UE",0,"Rocky Mountain Gambel Oak-Mixed Montane Shrubland",NA,NA,NA,NA,NA,NA,NA
"453","11070_17_A","11070_17","A",7,"Rocky Mountain Gambel Oak-Mixed Montane Shrubland",1098,1,3059,11070,17,29792,10
"454","11070_17_B","11070_17","B",33,"Rocky Mountain Gambel Oak-Mixed Montane Shrubland",1098,2,640,11070,17,29792,2
"455","11070_17_C","11070_17","C",60,"Rocky Mountain Gambel Oak-Mixed Montane Shrubland",1098,3,24476,11070,17,29792,82
"456","11070_17_D","11070_17","D",NA,"Rocky Mountain Gambel Oak-Mixed Montane Shrubland",NA,NA,NA,NA,NA,NA,NA
"457","11070_17_E","11070_17","E",NA,"Rocky Mountain Gambel Oak-Mixed Montane Shrubland",NA,NA,NA,NA,NA,NA,NA
"458","11070_17_Agriculture","11070_17","Agriculture",0,"Rocky Mountain Gambel Oak-Mixed Montane Shrubland",1098,180,522,11070,17,29792,1
"459","11070_17_Developed","11070_17","Developed",0,"Rocky Mountain Gambel Oak-Mixed Montane Shrubland",1098,120,9,11070,17,29792,0
"460","11070_17_Water","11070_17","Water",0,"Rocky Mountain Gambel Oak-Mixed Montane Shrubland",NA,NA,NA,NA,NA,NA,NA
"461","11070_17_UN","11070_17","UN",0,"Rocky Mountain Gambel Oak-Mixed Montane Shrubland",NA,NA,NA,NA,NA,NA,NA
"462","11070_17_UE","11070_17","UE",0,"Rocky Mountain Gambel Oak-Mixed Montane Shrubland",1098,7,421,11070,17,29792,1
"463","11080_17_A","11080_17","A",63,"Sonora-Mojave Semi-Desert Chaparral",1099,1,24472,11080,17,182389,13
"464","11080_17_B","11080_17","B",37,"Sonora-Mojave Semi-Desert Chaparral",1099,2,153235,11080,17,182389,84
"465","11080_17_C","11080_17","C",NA,"Sonora-Mojave Semi-Desert Chaparral",NA,NA,NA,NA,NA,NA,NA
"466","11080_17_D","11080_17","D",NA,"Sonora-Mojave Semi-Desert Chaparral",NA,NA,NA,NA,NA,NA,NA
"467","11080_17_E","11080_17","E",NA,"Sonora-Mojave Semi-Desert Chaparral",NA,NA,NA,NA,NA,NA,NA
"468","11080_17_Agriculture","11080_17","Agriculture",0,"Sonora-Mojave Semi-Desert Chaparral",1099,180,60,11080,17,182389,0
"469","11080_17_Developed","11080_17","Developed",0,"Sonora-Mojave Semi-Desert Chaparral",1099,120,49,11080,17,182389,0
"470","11080_17_Water","11080_17","Water",0,"Sonora-Mojave Semi-Desert Chaparral",NA,NA,NA,NA,NA,NA,NA
"471","11080_17_UN","11080_17","UN",0,"Sonora-Mojave Semi-Desert Chaparral",1099,6,3,11080,17,182389,0
"472","11080_17_UE","11080_17","UE",0,"Sonora-Mojave Semi-Desert Chaparral",1099,7,4562,11080,17,182389,2
"473","11090_4_13_A","11090_4_13","A",5,"Sonoran Paloverde-Mixed Cacti Desert Scrub",NA,NA,NA,NA,NA,NA,NA
"474","11090_4_13_B","11090_4_13","B",19,"Sonoran Paloverde-Mixed Cacti Desert Scrub",512,2,407,11090,13,750,54
"475","11090_4_13_C","11090_4_13","C",76,"Sonoran Paloverde-Mixed Cacti Desert Scrub",NA,NA,NA,NA,NA,NA,NA
"476","11090_4_13_D","11090_4_13","D",NA,"Sonoran Paloverde-Mixed Cacti Desert Scrub",NA,NA,NA,NA,NA,NA,NA
"477","11090_4_13_E","11090_4_13","E",NA,"Sonoran Paloverde-Mixed Cacti Desert Scrub",NA,NA,NA,NA,NA,NA,NA
"478","11090_4_13_Agriculture","11090_4_13","Agriculture",0,"Sonoran Paloverde-Mixed Cacti Desert Scrub",NA,NA,NA,NA,NA,NA,NA
"479","11090_4_13_Developed","11090_4_13","Developed",0,"Sonoran Paloverde-Mixed Cacti Desert Scrub",NA,NA,NA,NA,NA,NA,NA
"480","11090_4_13_Water","11090_4_13","Water",0,"Sonoran Paloverde-Mixed Cacti Desert Scrub",NA,NA,NA,NA,NA,NA,NA
"481","11090_4_13_UN","11090_4_13","UN",0,"Sonoran Paloverde-Mixed Cacti Desert Scrub",NA,NA,NA,NA,NA,NA,NA
"482","11090_4_13_UE","11090_4_13","UE",0,"Sonoran Paloverde-Mixed Cacti Desert Scrub",512,7,343,11090,13,750,45
"483","11150_17_A","11150_17","A",2,"Inter-Mountain Basins Juniper Savanna",NA,NA,NA,NA,NA,NA,NA
"484","11150_17_B","11150_17","B",2,"Inter-Mountain Basins Juniper Savanna",NA,NA,NA,NA,NA,NA,NA
"485","11150_17_C","11150_17","C",7,"Inter-Mountain Basins Juniper Savanna",1100,3,4,11150,17,6,66
"486","11150_17_D","11150_17","D",23,"Inter-Mountain Basins Juniper Savanna",1100,4,1,11150,17,6,16
"487","11150_17_E","11150_17","E",66,"Inter-Mountain Basins Juniper Savanna",1100,5,1,11150,17,6,16
"488","11150_17_Agriculture","11150_17","Agriculture",0,"Inter-Mountain Basins Juniper Savanna",NA,NA,NA,NA,NA,NA,NA
"489","11150_17_Developed","11150_17","Developed",0,"Inter-Mountain Basins Juniper Savanna",NA,NA,NA,NA,NA,NA,NA
"490","11150_17_Water","11150_17","Water",0,"Inter-Mountain Basins Juniper Savanna",NA,NA,NA,NA,NA,NA,NA
"491","11150_17_UN","11150_17","UN",0,"Inter-Mountain Basins Juniper Savanna",NA,NA,NA,NA,NA,NA,NA
"492","11150_17_UE","11150_17","UE",0,"Inter-Mountain Basins Juniper Savanna",NA,NA,NA,NA,NA,NA,NA
"493","11240_10_12_17_18_19_21_A","11240_10_12_17_18_19_21","A",11,"Columbia Plateau Low Sagebrush Steppe",1067,1,5,11240,12,538,0
"494","11240_10_12_17_18_19_21_A","11240_10_12_17_18_19_21","A",11,"Columbia Plateau Low Sagebrush Steppe",1101,1,200,11240,17,120840,0
"495","11240_10_12_17_18_19_21_B","11240_10_12_17_18_19_21","B",52,"Columbia Plateau Low Sagebrush Steppe",1067,2,4,11240,12,538,0
"496","11240_10_12_17_18_19_21_B","11240_10_12_17_18_19_21","B",52,"Columbia Plateau Low Sagebrush Steppe",1101,2,440,11240,17,120840,0
"497","11240_10_12_17_18_19_21_C","11240_10_12_17_18_19_21","C",37,"Columbia Plateau Low Sagebrush Steppe",1067,3,121,11240,12,538,22
"498","11240_10_12_17_18_19_21_C","11240_10_12_17_18_19_21","C",37,"Columbia Plateau Low Sagebrush Steppe",1101,3,35424,11240,17,120840,29
"499","11240_10_12_17_18_19_21_D","11240_10_12_17_18_19_21","D",NA,"Columbia Plateau Low Sagebrush Steppe",NA,NA,NA,NA,NA,NA,NA
"500","11240_10_12_17_18_19_21_E","11240_10_12_17_18_19_21","E",NA,"Columbia Plateau Low Sagebrush Steppe",NA,NA,NA,NA,NA,NA,NA
"501","11240_10_12_17_18_19_21_Agriculture","11240_10_12_17_18_19_21","Agriculture",0,"Columbia Plateau Low Sagebrush Steppe",1101,180,19,11240,17,120840,0
"502","11240_10_12_17_18_19_21_Developed","11240_10_12_17_18_19_21","Developed",0,"Columbia Plateau Low Sagebrush Steppe",1101,120,83,11240,17,120840,0
"503","11240_10_12_17_18_19_21_Water","11240_10_12_17_18_19_21","Water",0,"Columbia Plateau Low Sagebrush Steppe",NA,NA,NA,NA,NA,NA,NA
"504","11240_10_12_17_18_19_21_UN","11240_10_12_17_18_19_21","UN",0,"Columbia Plateau Low Sagebrush Steppe",1067,6,407,11240,12,538,75
"505","11240_10_12_17_18_19_21_UN","11240_10_12_17_18_19_21","UN",0,"Columbia Plateau Low Sagebrush Steppe",1101,6,81908,11240,17,120840,67
"506","11240_10_12_17_18_19_21_UE","11240_10_12_17_18_19_21","UE",0,"Columbia Plateau Low Sagebrush Steppe",1067,7,1,11240,12,538,0
"507","11240_10_12_17_18_19_21_UE","11240_10_12_17_18_19_21","UE",0,"Columbia Plateau Low Sagebrush Steppe",1101,7,2047,11240,17,120840,1
"508","11250_6_12_13_15_16_17_18_23_24_25_28_A","11250_6_12_13_15_16_17_18_23_24_25_28","A",25,"Inter-Mountain Basins Big Sagebrush Steppe",1068,1,14,11250,12,21840,0
"509","11250_6_12_13_15_16_17_18_23_24_25_28_A","11250_6_12_13_15_16_17_18_23_24_25_28","A",25,"Inter-Mountain Basins Big Sagebrush Steppe",1102,1,1,11250,17,56,1
"510","11250_6_12_13_15_16_17_18_23_24_25_28_B","11250_6_12_13_15_16_17_18_23_24_25_28","B",49,"Inter-Mountain Basins Big Sagebrush Steppe",1068,2,238,11250,12,21840,1
"511","11250_6_12_13_15_16_17_18_23_24_25_28_B","11250_6_12_13_15_16_17_18_23_24_25_28","B",49,"Inter-Mountain Basins Big Sagebrush Steppe",1102,2,1,11250,17,56,1
"512","11250_6_12_13_15_16_17_18_23_24_25_28_C","11250_6_12_13_15_16_17_18_23_24_25_28","C",26,"Inter-Mountain Basins Big Sagebrush Steppe",1068,3,17916,11250,12,21840,82
"513","11250_6_12_13_15_16_17_18_23_24_25_28_C","11250_6_12_13_15_16_17_18_23_24_25_28","C",26,"Inter-Mountain Basins Big Sagebrush Steppe",1102,3,5,11250,17,56,8
"514","11250_6_12_13_15_16_17_18_23_24_25_28_D","11250_6_12_13_15_16_17_18_23_24_25_28","D",NA,"Inter-Mountain Basins Big Sagebrush Steppe",NA,NA,NA,NA,NA,NA,NA
"515","11250_6_12_13_15_16_17_18_23_24_25_28_E","11250_6_12_13_15_16_17_18_23_24_25_28","E",NA,"Inter-Mountain Basins Big Sagebrush Steppe",NA,NA,NA,NA,NA,NA,NA
"516","11250_6_12_13_15_16_17_18_23_24_25_28_Agriculture","11250_6_12_13_15_16_17_18_23_24_25_28","Agriculture",0,"Inter-Mountain Basins Big Sagebrush Steppe",1068,180,1,11250,12,21840,0
"517","11250_6_12_13_15_16_17_18_23_24_25_28_Agriculture","11250_6_12_13_15_16_17_18_23_24_25_28","Agriculture",0,"Inter-Mountain Basins Big Sagebrush Steppe",1102,180,9,11250,17,56,16
"518","11250_6_12_13_15_16_17_18_23_24_25_28_Developed","11250_6_12_13_15_16_17_18_23_24_25_28","Developed",0,"Inter-Mountain Basins Big Sagebrush Steppe",1068,120,274,11250,12,21840,1
"519","11250_6_12_13_15_16_17_18_23_24_25_28_Water","11250_6_12_13_15_16_17_18_23_24_25_28","Water",0,"Inter-Mountain Basins Big Sagebrush Steppe",NA,NA,NA,NA,NA,NA,NA
"520","11250_6_12_13_15_16_17_18_23_24_25_28_UN","11250_6_12_13_15_16_17_18_23_24_25_28","UN",0,"Inter-Mountain Basins Big Sagebrush Steppe",1068,6,3239,11250,12,21840,14
"521","11250_6_12_13_15_16_17_18_23_24_25_28_UN","11250_6_12_13_15_16_17_18_23_24_25_28","UN",0,"Inter-Mountain Basins Big Sagebrush Steppe",1102,6,39,11250,17,56,69
"522","11250_6_12_13_15_16_17_18_23_24_25_28_UE","11250_6_12_13_15_16_17_18_23_24_25_28","UE",0,"Inter-Mountain Basins Big Sagebrush Steppe",1068,7,157,11250,12,21840,0
"523","11250_6_12_13_15_16_17_18_23_24_25_28_UE","11250_6_12_13_15_16_17_18_23_24_25_28","UE",0,"Inter-Mountain Basins Big Sagebrush Steppe",1102,7,1,11250,17,56,1
"524","11260_13_A","11260_13","A",21,"Inter-Mountain Basins Montane Sagebrush Steppe",NA,NA,NA,NA,NA,NA,NA
"525","11260_13_B","11260_13","B",48,"Inter-Mountain Basins Montane Sagebrush Steppe",NA,NA,NA,NA,NA,NA,NA
"526","11260_13_C","11260_13","C",13,"Inter-Mountain Basins Montane Sagebrush Steppe",516,3,116,11260,13,151,76
"527","11260_13_D","11260_13","D",11,"Inter-Mountain Basins Montane Sagebrush Steppe",516,4,5,11260,13,151,3
"528","11260_13_E","11260_13","E",7,"Inter-Mountain Basins Montane Sagebrush Steppe",NA,NA,NA,NA,NA,NA,NA
"529","11260_13_Agriculture","11260_13","Agriculture",0,"Inter-Mountain Basins Montane Sagebrush Steppe",NA,NA,NA,NA,NA,NA,NA
"530","11260_13_Developed","11260_13","Developed",0,"Inter-Mountain Basins Montane Sagebrush Steppe",NA,NA,NA,NA,NA,NA,NA
"531","11260_13_Water","11260_13","Water",0,"Inter-Mountain Basins Montane Sagebrush Steppe",NA,NA,NA,NA,NA,NA,NA
"532","11260_13_UN","11260_13","UN",0,"Inter-Mountain Basins Montane Sagebrush Steppe",516,6,1,11260,13,151,0
"533","11260_13_UE","11260_13","UE",0,"Inter-Mountain Basins Montane Sagebrush Steppe",516,7,29,11260,13,151,19
"534","11260_6_12_17_18_28_A","11260_6_12_17_18_28","A",21,"Inter-Mountain Basins Montane Sagebrush Steppe",1069,1,3984,11260,12,1358339,0
"535","11260_6_12_17_18_28_A","11260_6_12_17_18_28","A",21,"Inter-Mountain Basins Montane Sagebrush Steppe",1103,1,7355,11260,17,996721,0
"536","11260_6_12_17_18_28_B","11260_6_12_17_18_28","B",48,"Inter-Mountain Basins Montane Sagebrush Steppe",1069,2,1584,11260,12,1358339,0
"537","11260_6_12_17_18_28_B","11260_6_12_17_18_28","B",48,"Inter-Mountain Basins Montane Sagebrush Steppe",1103,2,1169,11260,17,996721,0
"538","11260_6_12_17_18_28_C","11260_6_12_17_18_28","C",13,"Inter-Mountain Basins Montane Sagebrush Steppe",1069,3,361343,11260,12,1358339,26
"539","11260_6_12_17_18_28_C","11260_6_12_17_18_28","C",13,"Inter-Mountain Basins Montane Sagebrush Steppe",1103,3,264471,11260,17,996721,26
"540","11260_6_12_17_18_28_D","11260_6_12_17_18_28","D",11,"Inter-Mountain Basins Montane Sagebrush Steppe",1069,4,46589,11260,12,1358339,3
"541","11260_6_12_17_18_28_D","11260_6_12_17_18_28","D",11,"Inter-Mountain Basins Montane Sagebrush Steppe",1103,4,29769,11260,17,996721,2
"542","11260_6_12_17_18_28_E","11260_6_12_17_18_28","E",7,"Inter-Mountain Basins Montane Sagebrush Steppe",1069,5,873644,11260,12,1358339,64
"543","11260_6_12_17_18_28_E","11260_6_12_17_18_28","E",7,"Inter-Mountain Basins Montane Sagebrush Steppe",1103,5,612904,11260,17,996721,61
"544","11260_6_12_17_18_28_Agriculture","11260_6_12_17_18_28","Agriculture",0,"Inter-Mountain Basins Montane Sagebrush Steppe",1069,180,96,11260,12,1358339,0
"545","11260_6_12_17_18_28_Agriculture","11260_6_12_17_18_28","Agriculture",0,"Inter-Mountain Basins Montane Sagebrush Steppe",1103,180,268,11260,17,996721,0
"546","11260_6_12_17_18_28_Developed","11260_6_12_17_18_28","Developed",0,"Inter-Mountain Basins Montane Sagebrush Steppe",1069,120,1709,11260,12,1358339,0
"547","11260_6_12_17_18_28_Developed","11260_6_12_17_18_28","Developed",0,"Inter-Mountain Basins Montane Sagebrush Steppe",1103,120,2309,11260,17,996721,0
"548","11260_6_12_17_18_28_Water","11260_6_12_17_18_28","Water",0,"Inter-Mountain Basins Montane Sagebrush Steppe",NA,NA,NA,NA,NA,NA,NA
"549","11260_6_12_17_18_28_UN","11260_6_12_17_18_28","UN",0,"Inter-Mountain Basins Montane Sagebrush Steppe",1069,6,51051,11260,12,1358339,3
"550","11260_6_12_17_18_28_UN","11260_6_12_17_18_28","UN",0,"Inter-Mountain Basins Montane Sagebrush Steppe",1103,6,69090,11260,17,996721,6
"551","11260_6_12_17_18_28_UE","11260_6_12_17_18_28","UE",0,"Inter-Mountain Basins Montane Sagebrush Steppe",1069,7,15598,11260,12,1358339,1
"552","11260_6_12_17_18_28_UE","11260_6_12_17_18_28","UE",0,"Inter-Mountain Basins Montane Sagebrush Steppe",1103,7,8409,11260,17,996721,0
"553","11270_10_12_13_17_18_A","11270_10_12_13_17_18","A",29,"Inter-Mountain Basins Semi-Desert Shrub-Steppe",517,1,20,11270,13,35658,0
"554","11270_10_12_13_17_18_A","11270_10_12_13_17_18","A",29,"Inter-Mountain Basins Semi-Desert Shrub-Steppe",1070,1,2461,11270,12,596027,0
"555","11270_10_12_13_17_18_A","11270_10_12_13_17_18","A",29,"Inter-Mountain Basins Semi-Desert Shrub-Steppe",1104,1,2317,11270,17,175287,1
"556","11270_10_12_13_17_18_B","11270_10_12_13_17_18","B",71,"Inter-Mountain Basins Semi-Desert Shrub-Steppe",517,2,35612,11270,13,35658,99
"557","11270_10_12_13_17_18_B","11270_10_12_13_17_18","B",71,"Inter-Mountain Basins Semi-Desert Shrub-Steppe",1070,2,568146,11270,12,596027,95
"558","11270_10_12_13_17_18_B","11270_10_12_13_17_18","B",71,"Inter-Mountain Basins Semi-Desert Shrub-Steppe",1104,2,160764,11270,17,175287,91
"559","11270_10_12_13_17_18_C","11270_10_12_13_17_18","C",NA,"Inter-Mountain Basins Semi-Desert Shrub-Steppe",NA,NA,NA,NA,NA,NA,NA
"560","11270_10_12_13_17_18_D","11270_10_12_13_17_18","D",NA,"Inter-Mountain Basins Semi-Desert Shrub-Steppe",NA,NA,NA,NA,NA,NA,NA
"561","11270_10_12_13_17_18_E","11270_10_12_13_17_18","E",NA,"Inter-Mountain Basins Semi-Desert Shrub-Steppe",NA,NA,NA,NA,NA,NA,NA
"562","11270_10_12_13_17_18_Agriculture","11270_10_12_13_17_18","Agriculture",0,"Inter-Mountain Basins Semi-Desert Shrub-Steppe",1070,180,341,11270,12,596027,0
"563","11270_10_12_13_17_18_Agriculture","11270_10_12_13_17_18","Agriculture",0,"Inter-Mountain Basins Semi-Desert Shrub-Steppe",1104,180,3218,11270,17,175287,1
"564","11270_10_12_13_17_18_Developed","11270_10_12_13_17_18","Developed",0,"Inter-Mountain Basins Semi-Desert Shrub-Steppe",517,120,2,11270,13,35658,0
"565","11270_10_12_13_17_18_Developed","11270_10_12_13_17_18","Developed",0,"Inter-Mountain Basins Semi-Desert Shrub-Steppe",1070,120,4230,11270,12,596027,0
"566","11270_10_12_13_17_18_Developed","11270_10_12_13_17_18","Developed",0,"Inter-Mountain Basins Semi-Desert Shrub-Steppe",1104,120,2556,11270,17,175287,1
"567","11270_10_12_13_17_18_Water","11270_10_12_13_17_18","Water",0,"Inter-Mountain Basins Semi-Desert Shrub-Steppe",NA,NA,NA,NA,NA,NA,NA
"568","11270_10_12_13_17_18_UN","11270_10_12_13_17_18","UN",0,"Inter-Mountain Basins Semi-Desert Shrub-Steppe",1070,6,1,11270,12,596027,0
"569","11270_10_12_13_17_18_UE","11270_10_12_13_17_18","UE",0,"Inter-Mountain Basins Semi-Desert Shrub-Steppe",517,7,15,11270,13,35658,0
"570","11270_10_12_13_17_18_UE","11270_10_12_13_17_18","UE",0,"Inter-Mountain Basins Semi-Desert Shrub-Steppe",1070,7,20573,11270,12,596027,3
"571","11270_10_12_13_17_18_UE","11270_10_12_13_17_18","UE",0,"Inter-Mountain Basins Semi-Desert Shrub-Steppe",1104,7,6127,11270,17,175287,3
"572","11350_13_14_A","11350_13_14","A",31,"Inter-Mountain Basins Semi-Desert Grassland",518,1,15,11350,13,940,1
"573","11350_13_14_B","11350_13_14","B",69,"Inter-Mountain Basins Semi-Desert Grassland",518,2,130,11350,13,940,13
"574","11350_13_14_C","11350_13_14","C",NA,"Inter-Mountain Basins Semi-Desert Grassland",NA,NA,NA,NA,NA,NA,NA
"575","11350_13_14_D","11350_13_14","D",NA,"Inter-Mountain Basins Semi-Desert Grassland",NA,NA,NA,NA,NA,NA,NA
"576","11350_13_14_E","11350_13_14","E",NA,"Inter-Mountain Basins Semi-Desert Grassland",NA,NA,NA,NA,NA,NA,NA
"577","11350_13_14_Agriculture","11350_13_14","Agriculture",0,"Inter-Mountain Basins Semi-Desert Grassland",518,180,15,11350,13,940,1
"578","11350_13_14_Developed","11350_13_14","Developed",0,"Inter-Mountain Basins Semi-Desert Grassland",518,120,586,11350,13,940,62
"579","11350_13_14_Water","11350_13_14","Water",0,"Inter-Mountain Basins Semi-Desert Grassland",NA,NA,NA,NA,NA,NA,NA
"580","11350_13_14_UN","11350_13_14","UN",0,"Inter-Mountain Basins Semi-Desert Grassland",NA,NA,NA,NA,NA,NA,NA
"581","11350_13_14_UE","11350_13_14","UE",0,"Inter-Mountain Basins Semi-Desert Grassland",518,7,194,11350,13,940,20
"582","11350_7_8_9_10_12_17_18_A","11350_7_8_9_10_12_17_18","A",18,"Inter-Mountain Basins Semi-Desert Grassland",1071,1,16,11350,12,74770,0
"583","11350_7_8_9_10_12_17_18_A","11350_7_8_9_10_12_17_18","A",18,"Inter-Mountain Basins Semi-Desert Grassland",1105,1,141,11350,17,5293,2
"584","11350_7_8_9_10_12_17_18_B","11350_7_8_9_10_12_17_18","B",82,"Inter-Mountain Basins Semi-Desert Grassland",1071,2,73116,11350,12,74770,97
"585","11350_7_8_9_10_12_17_18_B","11350_7_8_9_10_12_17_18","B",82,"Inter-Mountain Basins Semi-Desert Grassland",1105,2,2591,11350,17,5293,48
"586","11350_7_8_9_10_12_17_18_C","11350_7_8_9_10_12_17_18","C",NA,"Inter-Mountain Basins Semi-Desert Grassland",NA,NA,NA,NA,NA,NA,NA
"587","11350_7_8_9_10_12_17_18_D","11350_7_8_9_10_12_17_18","D",NA,"Inter-Mountain Basins Semi-Desert Grassland",NA,NA,NA,NA,NA,NA,NA
"588","11350_7_8_9_10_12_17_18_E","11350_7_8_9_10_12_17_18","E",NA,"Inter-Mountain Basins Semi-Desert Grassland",NA,NA,NA,NA,NA,NA,NA
"589","11350_7_8_9_10_12_17_18_Agriculture","11350_7_8_9_10_12_17_18","Agriculture",0,"Inter-Mountain Basins Semi-Desert Grassland",1071,180,21,11350,12,74770,0
"590","11350_7_8_9_10_12_17_18_Agriculture","11350_7_8_9_10_12_17_18","Agriculture",0,"Inter-Mountain Basins Semi-Desert Grassland",1105,180,1398,11350,17,5293,26
"591","11350_7_8_9_10_12_17_18_Developed","11350_7_8_9_10_12_17_18","Developed",0,"Inter-Mountain Basins Semi-Desert Grassland",1071,120,444,11350,12,74770,0
"592","11350_7_8_9_10_12_17_18_Developed","11350_7_8_9_10_12_17_18","Developed",0,"Inter-Mountain Basins Semi-Desert Grassland",1105,120,52,11350,17,5293,0
"593","11350_7_8_9_10_12_17_18_Water","11350_7_8_9_10_12_17_18","Water",0,"Inter-Mountain Basins Semi-Desert Grassland",NA,NA,NA,NA,NA,NA,NA
"594","11350_7_8_9_10_12_17_18_UN","11350_7_8_9_10_12_17_18","UN",0,"Inter-Mountain Basins Semi-Desert Grassland",1071,6,495,11350,12,74770,0
"595","11350_7_8_9_10_12_17_18_UN","11350_7_8_9_10_12_17_18","UN",0,"Inter-Mountain Basins Semi-Desert Grassland",1105,6,557,11350,17,5293,10
"596","11350_7_8_9_10_12_17_18_UE","11350_7_8_9_10_12_17_18","UE",0,"Inter-Mountain Basins Semi-Desert Grassland",1071,7,383,11350,12,74770,0
"597","11350_7_8_9_10_12_17_18_UE","11350_7_8_9_10_12_17_18","UE",0,"Inter-Mountain Basins Semi-Desert Grassland",1105,7,554,11350,17,5293,10
"598","11530_6_10_12_13_17_18_19_21_A","11530_6_10_12_13_17_18_19_21","A",3,"Inter-Mountain Basins Greasewood Flat",520,1,11,11530,13,6568,0
"599","11530_6_10_12_13_17_18_19_21_A","11530_6_10_12_13_17_18_19_21","A",3,"Inter-Mountain Basins Greasewood Flat",1073,1,15087,11530,12,1391012,1
"600","11530_6_10_12_13_17_18_19_21_A","11530_6_10_12_13_17_18_19_21","A",3,"Inter-Mountain Basins Greasewood Flat",1107,1,36634,11530,17,1403816,2
"601","11530_6_10_12_13_17_18_19_21_B","11530_6_10_12_13_17_18_19_21","B",97,"Inter-Mountain Basins Greasewood Flat",520,2,6086,11530,13,6568,92
"602","11530_6_10_12_13_17_18_19_21_B","11530_6_10_12_13_17_18_19_21","B",97,"Inter-Mountain Basins Greasewood Flat",1073,2,1185044,11530,12,1391012,85
"603","11530_6_10_12_13_17_18_19_21_B","11530_6_10_12_13_17_18_19_21","B",97,"Inter-Mountain Basins Greasewood Flat",1107,2,1042793,11530,17,1403816,74
"604","11530_6_10_12_13_17_18_19_21_C","11530_6_10_12_13_17_18_19_21","C",NA,"Inter-Mountain Basins Greasewood Flat",NA,NA,NA,NA,NA,NA,NA
"605","11530_6_10_12_13_17_18_19_21_D","11530_6_10_12_13_17_18_19_21","D",NA,"Inter-Mountain Basins Greasewood Flat",NA,NA,NA,NA,NA,NA,NA
"606","11530_6_10_12_13_17_18_19_21_E","11530_6_10_12_13_17_18_19_21","E",NA,"Inter-Mountain Basins Greasewood Flat",NA,NA,NA,NA,NA,NA,NA
"607","11530_6_10_12_13_17_18_19_21_Agriculture","11530_6_10_12_13_17_18_19_21","Agriculture",0,"Inter-Mountain Basins Greasewood Flat",1073,180,41981,11530,12,1391012,3
"608","11530_6_10_12_13_17_18_19_21_Agriculture","11530_6_10_12_13_17_18_19_21","Agriculture",0,"Inter-Mountain Basins Greasewood Flat",1107,180,111809,11530,17,1403816,7
"609","11530_6_10_12_13_17_18_19_21_Developed","11530_6_10_12_13_17_18_19_21","Developed",0,"Inter-Mountain Basins Greasewood Flat",520,120,97,11530,13,6568,1
"610","11530_6_10_12_13_17_18_19_21_Developed","11530_6_10_12_13_17_18_19_21","Developed",0,"Inter-Mountain Basins Greasewood Flat",1073,120,6288,11530,12,1391012,0
"611","11530_6_10_12_13_17_18_19_21_Developed","11530_6_10_12_13_17_18_19_21","Developed",0,"Inter-Mountain Basins Greasewood Flat",1107,120,9980,11530,17,1403816,0
"612","11530_6_10_12_13_17_18_19_21_Water","11530_6_10_12_13_17_18_19_21","Water",0,"Inter-Mountain Basins Greasewood Flat",NA,NA,NA,NA,NA,NA,NA
"613","11530_6_10_12_13_17_18_19_21_UN","11530_6_10_12_13_17_18_19_21","UN",0,"Inter-Mountain Basins Greasewood Flat",1073,6,15,11530,12,1391012,0
"614","11530_6_10_12_13_17_18_19_21_UN","11530_6_10_12_13_17_18_19_21","UN",0,"Inter-Mountain Basins Greasewood Flat",1107,6,3,11530,17,1403816,0
"615","11530_6_10_12_13_17_18_19_21_UE","11530_6_10_12_13_17_18_19_21","UE",0,"Inter-Mountain Basins Greasewood Flat",520,7,327,11530,13,6568,4
"616","11530_6_10_12_13_17_18_19_21_UE","11530_6_10_12_13_17_18_19_21","UE",0,"Inter-Mountain Basins Greasewood Flat",1073,7,132368,11530,12,1391012,9
"617","11530_6_10_12_13_17_18_19_21_UE","11530_6_10_12_13_17_18_19_21","UE",0,"Inter-Mountain Basins Greasewood Flat",1107,7,171282,11530,17,1403816,12
"618","11540_13_A","11540_13","A",26,"Inter-Mountain Basins Montane Riparian Systems",521,1,14058,11540,13,17820,78
"619","11540_13_B","11540_13","B",53,"Inter-Mountain Basins Montane Riparian Systems",521,2,1120,11540,13,17820,6
"620","11540_13_C","11540_13","C",21,"Inter-Mountain Basins Montane Riparian Systems",521,3,641,11540,13,17820,3
"621","11540_13_D","11540_13","D",NA,"Inter-Mountain Basins Montane Riparian Systems",NA,NA,NA,NA,NA,NA,NA
"622","11540_13_E","11540_13","E",NA,"Inter-Mountain Basins Montane Riparian Systems",NA,NA,NA,NA,NA,NA,NA
"623","11540_13_Agriculture","11540_13","Agriculture",0,"Inter-Mountain Basins Montane Riparian Systems",521,180,567,11540,13,17820,3
"624","11540_13_Developed","11540_13","Developed",0,"Inter-Mountain Basins Montane Riparian Systems",521,120,423,11540,13,17820,2
"625","11540_13_Water","11540_13","Water",0,"Inter-Mountain Basins Montane Riparian Systems",NA,NA,NA,NA,NA,NA,NA
"626","11540_13_UN","11540_13","UN",0,"Inter-Mountain Basins Montane Riparian Systems",NA,NA,NA,NA,NA,NA,NA
"627","11540_13_UE","11540_13","UE",0,"Inter-Mountain Basins Montane Riparian Systems",521,7,749,11540,13,17820,4
"628","11540_6_12_16_17_A","11540_6_12_16_17","A",22,"Inter-Mountain Basins Montane Riparian Systems",1074,1,70359,11540,12,315465,22
"629","11540_6_12_16_17_A","11540_6_12_16_17","A",22,"Inter-Mountain Basins Montane Riparian Systems",1108,1,134797,11540,17,669540,20
"630","11540_6_12_16_17_B","11540_6_12_16_17","B",51,"Inter-Mountain Basins Montane Riparian Systems",1074,2,4780,11540,12,315465,1
"631","11540_6_12_16_17_B","11540_6_12_16_17","B",51,"Inter-Mountain Basins Montane Riparian Systems",1108,2,14671,11540,17,669540,2
"632","11540_6_12_16_17_C","11540_6_12_16_17","C",27,"Inter-Mountain Basins Montane Riparian Systems",1074,3,143570,11540,12,315465,45
"633","11540_6_12_16_17_C","11540_6_12_16_17","C",27,"Inter-Mountain Basins Montane Riparian Systems",1108,3,431206,11540,17,669540,64
"634","11540_6_12_16_17_D","11540_6_12_16_17","D",NA,"Inter-Mountain Basins Montane Riparian Systems",NA,NA,NA,NA,NA,NA,NA
"635","11540_6_12_16_17_E","11540_6_12_16_17","E",NA,"Inter-Mountain Basins Montane Riparian Systems",NA,NA,NA,NA,NA,NA,NA
"636","11540_6_12_16_17_Agriculture","11540_6_12_16_17","Agriculture",0,"Inter-Mountain Basins Montane Riparian Systems",1074,180,63875,11540,12,315465,20
"637","11540_6_12_16_17_Agriculture","11540_6_12_16_17","Agriculture",0,"Inter-Mountain Basins Montane Riparian Systems",1108,180,53045,11540,17,669540,7
"638","11540_6_12_16_17_Developed","11540_6_12_16_17","Developed",0,"Inter-Mountain Basins Montane Riparian Systems",1074,120,12880,11540,12,315465,4
"639","11540_6_12_16_17_Developed","11540_6_12_16_17","Developed",0,"Inter-Mountain Basins Montane Riparian Systems",1108,120,15040,11540,17,669540,2
"640","11540_6_12_16_17_Water","11540_6_12_16_17","Water",0,"Inter-Mountain Basins Montane Riparian Systems",NA,NA,NA,NA,NA,NA,NA
"641","11540_6_12_16_17_UN","11540_6_12_16_17","UN",0,"Inter-Mountain Basins Montane Riparian Systems",NA,NA,NA,NA,NA,NA,NA
"642","11540_6_12_16_17_UE","11540_6_12_16_17","UE",0,"Inter-Mountain Basins Montane Riparian Systems",1074,7,19412,11540,12,315465,6
"643","11540_6_12_16_17_UE","11540_6_12_16_17","UE",0,"Inter-Mountain Basins Montane Riparian Systems",1108,7,20045,11540,17,669540,2
"644","11550_13_14_A","11550_13_14","A",15,"North American Warm Desert Riparian Systems",522,1,64789,11550,13,74310,87
"645","11550_13_14_B","11550_13_14","B",21,"North American Warm Desert Riparian Systems",522,2,17,11550,13,74310,0
"646","11550_13_14_C","11550_13_14","C",10,"North American Warm Desert Riparian Systems",522,3,53,11550,13,74310,0
"647","11550_13_14_D","11550_13_14","D",33,"North American Warm Desert Riparian Systems",522,4,46,11550,13,74310,0
"648","11550_13_14_E","11550_13_14","E",21,"North American Warm Desert Riparian Systems",NA,NA,NA,NA,NA,NA,NA
"649","11550_13_14_Agriculture","11550_13_14","Agriculture",0,"North American Warm Desert Riparian Systems",522,180,453,11550,13,74310,0
"650","11550_13_14_Developed","11550_13_14","Developed",0,"North American Warm Desert Riparian Systems",522,120,791,11550,13,74310,1
"651","11550_13_14_Water","11550_13_14","Water",0,"North American Warm Desert Riparian Systems",NA,NA,NA,NA,NA,NA,NA
"652","11550_13_14_UN","11550_13_14","UN",0,"North American Warm Desert Riparian Systems",NA,NA,NA,NA,NA,NA,NA
"653","11550_13_14_UE","11550_13_14","UE",0,"North American Warm Desert Riparian Systems",522,7,4425,11550,13,74310,5
"654","11552_13_14_15_A","11552_13_14_15","A",18,"North American Warm Desert Riparian Systems - Stringers",523,1,245577,11552,13,264760,92
"655","11552_13_14_15_B","11552_13_14_15","B",28,"North American Warm Desert Riparian Systems - Stringers",523,2,94,11552,13,264760,0
"656","11552_13_14_15_C","11552_13_14_15","C",54,"North American Warm Desert Riparian Systems - Stringers",523,3,429,11552,13,264760,0
"657","11552_13_14_15_D","11552_13_14_15","D",NA,"North American Warm Desert Riparian Systems - Stringers",NA,NA,NA,NA,NA,NA,NA
"658","11552_13_14_15_E","11552_13_14_15","E",NA,"North American Warm Desert Riparian Systems - Stringers",NA,NA,NA,NA,NA,NA,NA
"659","11552_13_14_15_Agriculture","11552_13_14_15","Agriculture",0,"North American Warm Desert Riparian Systems - Stringers",523,180,238,11552,13,264760,0
"660","11552_13_14_15_Developed","11552_13_14_15","Developed",0,"North American Warm Desert Riparian Systems - Stringers",523,120,933,11552,13,264760,0
"661","11552_13_14_15_Water","11552_13_14_15","Water",0,"North American Warm Desert Riparian Systems - Stringers",NA,NA,NA,NA,NA,NA,NA
"662","11552_13_14_15_UN","11552_13_14_15","UN",0,"North American Warm Desert Riparian Systems - Stringers",NA,NA,NA,NA,NA,NA,NA
"663","11552_13_14_15_UE","11552_13_14_15","UE",0,"North American Warm Desert Riparian Systems - Stringers",523,7,13438,11552,13,264760,5
"664","11590_12_17_A","11590_12_17","A",22,"Rocky Mountain Montane Riparian Systems",1075,1,4,11590,12,39,10
"665","11590_12_17_A","11590_12_17","A",22,"Rocky Mountain Montane Riparian Systems",1109,1,136,11590,17,875,15
"666","11590_12_17_B","11590_12_17","B",51,"Rocky Mountain Montane Riparian Systems",1075,2,20,11590,12,39,51
"667","11590_12_17_B","11590_12_17","B",51,"Rocky Mountain Montane Riparian Systems",1109,2,550,11590,17,875,62
"668","11590_12_17_C","11590_12_17","C",27,"Rocky Mountain Montane Riparian Systems",1075,3,13,11590,12,39,33
"669","11590_12_17_C","11590_12_17","C",27,"Rocky Mountain Montane Riparian Systems",1109,3,169,11590,17,875,19
"670","11590_12_17_D","11590_12_17","D",NA,"Rocky Mountain Montane Riparian Systems",NA,NA,NA,NA,NA,NA,NA
"671","11590_12_17_E","11590_12_17","E",NA,"Rocky Mountain Montane Riparian Systems",NA,NA,NA,NA,NA,NA,NA
"672","11590_12_17_Agriculture","11590_12_17","Agriculture",0,"Rocky Mountain Montane Riparian Systems",NA,NA,NA,NA,NA,NA,NA
"673","11590_12_17_Developed","11590_12_17","Developed",0,"Rocky Mountain Montane Riparian Systems",NA,NA,NA,NA,NA,NA,NA
"674","11590_12_17_Water","11590_12_17","Water",0,"Rocky Mountain Montane Riparian Systems",NA,NA,NA,NA,NA,NA,NA
"675","11590_12_17_UN","11590_12_17","UN",0,"Rocky Mountain Montane Riparian Systems",NA,NA,NA,NA,NA,NA,NA
"676","11590_12_17_UE","11590_12_17","UE",0,"Rocky Mountain Montane Riparian Systems",1075,7,2,11590,12,39,5
"677","11590_12_17_UE","11590_12_17","UE",0,"Rocky Mountain Montane Riparian Systems",1109,7,19,11590,17,875,2
"678","11600_12_17_A","11600_12_17","A",63,"Rocky Mountain Subalpine/Upper Montane Riparian Systems",1076,1,5,11600,12,34,14
"679","11600_12_17_A","11600_12_17","A",63,"Rocky Mountain Subalpine/Upper Montane Riparian Systems",1110,1,96,11600,17,2096,4
"680","11600_12_17_B","11600_12_17","B",37,"Rocky Mountain Subalpine/Upper Montane Riparian Systems",1076,2,29,11600,12,34,85
"681","11600_12_17_B","11600_12_17","B",37,"Rocky Mountain Subalpine/Upper Montane Riparian Systems",1110,2,1999,11600,17,2096,95
"682","11600_12_17_C","11600_12_17","C",NA,"Rocky Mountain Subalpine/Upper Montane Riparian Systems",NA,NA,NA,NA,NA,NA,NA
"683","11600_12_17_D","11600_12_17","D",NA,"Rocky Mountain Subalpine/Upper Montane Riparian Systems",NA,NA,NA,NA,NA,NA,NA
"684","11600_12_17_E","11600_12_17","E",NA,"Rocky Mountain Subalpine/Upper Montane Riparian Systems",NA,NA,NA,NA,NA,NA,NA
"685","11600_12_17_Agriculture","11600_12_17","Agriculture",0,"Rocky Mountain Subalpine/Upper Montane Riparian Systems",NA,NA,NA,NA,NA,NA,NA
"686","11600_12_17_Developed","11600_12_17","Developed",0,"Rocky Mountain Subalpine/Upper Montane Riparian Systems",NA,NA,NA,NA,NA,NA,NA
"687","11600_12_17_Water","11600_12_17","Water",0,"Rocky Mountain Subalpine/Upper Montane Riparian Systems",NA,NA,NA,NA,NA,NA,NA
"688","11600_12_17_UN","11600_12_17","UN",0,"Rocky Mountain Subalpine/Upper Montane Riparian Systems",NA,NA,NA,NA,NA,NA,NA
"689","11600_12_17_UE","11600_12_17","UE",0,"Rocky Mountain Subalpine/Upper Montane Riparian Systems",NA,NA,NA,NA,NA,NA,NA
