"","VALUE","Freq","EVT_NAME","LFRDB","EVT_FUEL","EVT_FUEL_N","EVT_LF","EVT_PHYS","EVT_GP","EVT_GP_N","SAF_SRM","EVT_ORDER","EVT_CLASS","EVT_SBCLS","R","G","B","RED","GREEN","BLUE","ACRES","REL_PERCENT"
"1",7011,10515,"Rocky Mountain Aspen Forest and Woodland",7011,2011,"Tr Rocky Mountain Aspen Forest and Woodland","Tree","Hardwood",602,"Aspen Forest, Woodland, and Parkland","SAF 217: Aspen","Tree-dominated","Open tree canopy","Deciduous open tree canopy",192,255,138,0.752941,1,0.541176,2338,0
"2",7012,971,"Rocky Mountain Bigtooth Maple Ravine Woodland",7012,2012,"Tr Rocky Mountain Bigtooth Maple Ravine Woodland","Tree","Hardwood",605,"Bigtooth Maple Woodland","SRM 418: Bigtooth Maple","Tree-dominated","Open tree canopy","Deciduous open tree canopy",171,255,138,0.670588,1,0.541176,216,0
"3",7019,14314504,"Great Basin Pinyon-Juniper Woodland",7019,2019,"Tr Great Basin Pinyon-Juniper Woodland","Tree","Conifer",630,"Pinyon-Juniper Woodland","SRM 412: Juniper-Pinyon Woodland","Tree-dominated","Open tree canopy","Evergreen open tree canopy",78,255,59,0.305882,1,0.231373,3183469,24.7
"4",7020,279512,"Inter-Mountain Basins Subalpine Limber-Bristlecone Pine Woodland",7020,2020,"Tr Inter-Mountain Basins Subalpine Limber-Bristlecone Pine Woodland","Tree","Conifer",621,"Limber Pine Woodland","SAF 209: Bristlecone Pine","Tree-dominated","Open tree canopy","Evergreen open tree canopy",63,255,46,0.247059,1,0.180392,62162,0.5
"5",7051,394034,"Southern Rocky Mountain Dry-Mesic Montane Mixed Conifer Forest and Woodland",7051,2051,"Tr Southern Rocky Mountain Dry-Mesic Montane Mixed Conifer Forest and Woodland","Tree","Conifer",625,"Douglas-fir-Ponderosa Pine-Lodgepole Pine Forest and Woodland","SAF 210: Interior Douglas-Fir","Tree-dominated","Closed tree canopy","Evergreen closed tree canopy",0,51,0,0,0.2,0,87631,0.7
"6",7052,66640,"Southern Rocky Mountain Mesic Montane Mixed Conifer Forest and Woodland",7052,2052,"Tr Southern Rocky Mountain Mesic Montane Mixed Conifer Forest and Woodland","Tree","Conifer",643,"Douglas-fir-Grand Fir-White Fir Forest and Woodland","SAF 211: White Fir","Tree-dominated","Closed tree canopy","Evergreen closed tree canopy",0,204,0,0,0.8,0,14820,0.1
"7",7054,4651,"Southern Rocky Mountain Ponderosa Pine Woodland",7054,2054,"Tr Southern Rocky Mountain Ponderosa Pine Woodland","Tree","Conifer",631,"Ponderosa Pine Forest, Woodland and Savanna","SAF 237: Interior Ponderosa Pine","Tree-dominated","Open tree canopy","Evergreen open tree canopy",214,255,181,0.839216,1,0.709804,1034,0
"8",7055,96835,"Rocky Mountain Subalpine Dry-Mesic Spruce-Fir Forest and Woodland",7055,2055,"Tr Rocky Mountain Subalpine Dry-Mesic Spruce-Fir Forest and Woodland","Tree","Conifer",639,"Spruce-Fir Forest and Woodland","SAF 206: Engelmann Spruce-Subalpine Fir","Tree-dominated","Closed tree canopy","Evergreen closed tree canopy",236,252,204,0.92549,0.988235,0.8,21536,0.2
"9",7057,188,"Rocky Mountain Subalpine-Montane Limber-Bristlecone Pine Woodland",7057,2057,"Tr Rocky Mountain Subalpine-Montane Limber-Bristlecone Pine Woodland","Tree","Conifer",621,"Limber Pine Woodland","SAF 209: Bristlecone Pine","Tree-dominated","Open tree canopy","Evergreen open tree canopy",63,255,46,0.247059,1,0.180392,42,0
"10",7061,98695,"Inter-Mountain Basins Aspen-Mixed Conifer Forest and Woodland",7061,2061,"Tr Inter-Mountain Basins Aspen-Mixed Conifer Forest and Woodland","Tree","Conifer-Hardwood",603,"Aspen-Mixed Conifer Forest and Woodland","SAF 217: Aspen","Tree-dominated","Open tree canopy","Mixed evergreen-deciduous open tree canopy",192,255,138,0.752941,1,0.541176,21949,0.2
"11",7062,1002216,"Inter-Mountain Basins Curl-leaf Mountain Mahogany Woodland",7062,2062,"Tr Inter-Mountain Basins Curl-leaf Mountain Mahogany Woodland and Shrubland","Tree","Conifer",628,"Mountain Mahogany Woodland and Shrubland","SRM 415: Curlleaf Mountain-Mahogany","Tree-dominated","Open tree canopy","Evergreen open tree canopy",155,235,216,0.607843,0.921569,0.847059,222887,1.7
"12",7079,7220316,"Great Basin Xeric Mixed Sagebrush Shrubland",7079,2079,"Sh Great Basin Xeric Mixed Sagebrush Shrubland","Shrub","Shrubland",623,"Low Sagebrush Shrubland and Steppe","SRM 406: Low Sagebrush","Shrub-dominated","Shrubland","Mixed evergreen-deciduous shrubland",135,106,76,0.529412,0.415686,0.298039,1605760,12.5
"13",7080,12618522,"Inter-Mountain Basins Big Sagebrush Shrubland",7080,2080,"Sh Inter-Mountain Basins Big Sagebrush Shrubland","Shrub","Shrubland",604,"Big Sagebrush Shrubland and Steppe","SRM 403: Wyoming Big Sagebrush","Shrub-dominated","Shrubland","Evergreen shrubland",130,101,72,0.509804,0.396078,0.282353,2806292,21.8
"14",7081,2890003,"Inter-Mountain Basins Mixed Salt Desert Scrub",7081,2081,"Sh Inter-Mountain Basins Mixed Salt Desert Scrub","Shrub","Shrubland",636,"Salt Desert Scrub","SRM 414: Salt Desert Shrub","Shrub-dominated","Shrubland","Evergreen shrubland",156,128,92,0.611765,0.501961,0.360784,642721,5
"15",7082,6224309,"Mojave Mid-Elevation Mixed Desert Scrub",7082,2082,"Sh Mojave Mid-Elevation Mixed Desert Scrub","Shrub","Shrubland",613,"Desert Scrub","SRM 212: Blackbush","Shrub-dominated","Shrubland","Mixed evergreen-deciduous shrubland",140,112,80,0.54902,0.439216,0.313725,1384253,10.7
"16",7086,113390,"Rocky Mountain Lower Montane-Foothill Shrubland",7086,2086,"Sh Rocky Mountain Lower Montane-Foothill Shrubland","Shrub","Shrubland",612,"Deciduous Shrubland","SRM 421: Chokecherry-Serviceberry-Rose","Shrub-dominated","Shrubland","Mixed evergreen-deciduous shrubland",117,87,61,0.458824,0.341176,0.239216,25217,0.2
"17",7087,1158505,"Sonora-Mojave Creosotebush-White Bursage Desert Scrub",7087,2087,"Sh Sonora-Mojave Creosotebush-White Bursage Desert Scrub","Shrub","Shrubland",611,"Creosotebush Desert Scrub","SRM 506: Creosotebush-Bursage","Shrub-dominated","Shrubland","Mixed evergreen-deciduous shrubland",161,134,96,0.631373,0.52549,0.376471,257645,2
"18",7088,72672,"Sonora-Mojave Mixed Salt Desert Scrub",7088,2088,"Sh Sonora-Mojave Mixed Salt Desert Scrub","Shrub","Shrubland",636,"Salt Desert Scrub","SRM 414: Salt Desert Shrub","Shrub-dominated","Shrubland","Evergreen shrubland",156,128,92,0.611765,0.501961,0.360784,16162,0.1
"19",7103,330853,"Great Basin Semi-Desert Chaparral",7103,2103,"Sh Great Basin Semi-Desert Chaparral","Shrub","Shrubland",607,"Chaparral","SRM 503: Arizona Chaparral","Shrub-dominated","Shrubland","Evergreen shrubland",89,59,40,0.34902,0.231373,0.156863,73580,0.6
"20",7107,27674,"Rocky Mountain Gambel Oak-Mixed Montane Shrubland",7107,2107,"Sh Rocky Mountain Gambel Oak-Mixed Montane Shrubland","Shrub","Shrubland",612,"Deciduous Shrubland","SRM 413: Gambel oak","Shrub-dominated","Shrubland","Mixed evergreen-deciduous shrubland",245,175,54,0.960784,0.686275,0.211765,6155,0
"21",7108,59173,"Sonora-Mojave Semi-Desert Chaparral",7108,2108,"Sh Sonora-Mojave Semi-Desert Chaparral","Shrub","Shrubland",607,"Chaparral","SRM 503: Arizona Chaparral","Shrub-dominated","Shrubland","Evergreen shrubland",89,59,40,0.34902,0.231373,0.156863,13160,0.1
"22",7115,104,"Inter-Mountain Basins Juniper Savanna",7115,2115,"Tr Inter-Mountain Basins Juniper Savanna","Tree","Conifer",620,"Juniper Woodland and Savanna","SRM 412: Juniper-Pinyon Woodland","Tree-dominated","Sparse tree canopy","Evergreen sparse tree canopy",78,255,59,0.305882,1,0.231373,23,0
"23",7125,79106,"Inter-Mountain Basins Big Sagebrush Steppe",7125,2125,"Sh Inter-Mountain Basins Big Sagebrush Steppe","Shrub","Shrubland",604,"Big Sagebrush Shrubland and Steppe","SRM 314: Big Sagebrush-Bluebunch Wheatgrass","Shrub-dominated","Shrubland","Mixed evergreen-deciduous shrubland",230,151,41,0.901961,0.592157,0.160784,17593,0.1
"24",7126,2112422,"Inter-Mountain Basins Montane Sagebrush Steppe",7126,2126,"Sh Inter-Mountain Basins Montane Sagebrush Steppe","Shrub","Shrubland",604,"Big Sagebrush Shrubland and Steppe","SRM 402: Mountain Big Sagebrush","Shrub-dominated","Shrubland","Mixed evergreen-deciduous shrubland",219,140,37,0.858824,0.54902,0.145098,469791,3.6
"25",7127,2592098,"Inter-Mountain Basins Semi-Desert Shrub-Steppe",7127,2127,"Sh Inter-Mountain Basins Semi-Desert Shrub-Steppe","Shrub","Shrubland",613,"Desert Scrub","SRM 403: Wyoming Big Sagebrush","Shrub-dominated","Shrubland","Mixed evergreen-deciduous shrubland",130,101,72,0.509804,0.396078,0.282353,576469,4.5
"26",7135,55962,"Inter-Mountain Basins Semi-Desert Grassland",7135,2135,"He Inter-Mountain Basins Semi-Desert Grassland","Herb","Grassland",617,"Grassland","SRM 502: Grama-Galetta","Herbaceous / Nonvascular-dominated","Herbaceous - grassland","Perennial graminoid grassland",255,200,125,1,0.784314,0.490196,12446,0.1
"27",7144,944,"Rocky Mountain Alpine Turf",7144,2144,"He Rocky Mountain Alpine Turf","Herb","Grassland",616,"Dry Tundra","SRM 410: Alpine Rangeland","Herbaceous / Nonvascular-dominated","Herbaceous - grassland","Perennial graminoid grassland",171,145,106,0.670588,0.568627,0.415686,210,0
"28",7145,8838,"Rocky Mountain Subalpine-Montane Mesic Meadow",7145,2145,"He Rocky Mountain Subalpine-Montane Mesic Meadow","Herb","Grassland",601,"Alpine Dwarf-Shrubland, Fell-field and Meadow","SRM 409: Tall Forb","Herbaceous / Nonvascular-dominated","Herbaceous - grassland","Perennial graminoid grassland",255,163,82,1,0.639216,0.321569,1966,0
"29",7146,123152,"Southern Rocky Mountain Montane-Subalpine Grassland",7146,2146,"He Southern Rocky Mountain Montane-Subalpine Grassland","Herb","Grassland",617,"Grassland","SRM 410: Alpine Rangeland","Herbaceous / Nonvascular-dominated","Herbaceous - grassland","Perennial graminoid grassland",171,145,106,0.670588,0.568627,0.415686,27388,0.2
"30",7153,1005819,"Inter-Mountain Basins Greasewood Flat",7153,2153,"Sh Inter-Mountain Basins Greasewood Flat","Shrub","Shrubland",619,"Greasewood Shrubland","SRM 501: Saltbush-Greasewood","Shrub-dominated","Shrubland","Evergreen shrubland",194,170,126,0.760784,0.666667,0.494118,223689,1.7
"31",7292,24359,"Open Water",7292,11,"Ba Open Water","Water","Open Water",11,"Open Water","LF 11: Water","Non-vegetated","Non-vegetated","Non-vegetated",0,0,255,0,0,1,5417,0
"32",7295,74270,"Quarries-Strip Mines-Gravel Pits-Well and Wind Pads",7295,32,"Bab Quarries-Strip Mines-Gravel Pits-Well and Wind Pads","Barren","Quarries-Strip Mines-Gravel Pits-Well and Wind Pads",32,"Quarries-Strip Mines-Gravel Pits-Well and Wind Pads","LF 20: Developed","Non-vegetated","Non-vegetated","Developed",230,232,250,0.901961,0.909804,0.980392,16517,0.1
"33",7296,9462,"Developed-Low Intensity",7296,2902,"Bau Developed-Low Intensity","Developed","Developed-Low Intensity",22,"Developed-Low Intensity","LF 20: Developed","No Dominant Lifeform","No Dominant Lifeform","Developed",255,122,143,1,0.478431,0.560784,2104,0
"34",7297,4871,"Developed-Medium Intensity",7297,2903,"Bau Developed-Medium Intensity","Developed","Developed-Medium Intensity",23,"Developed-Medium Intensity","LF 20: Developed","No Dominant Lifeform","No Dominant Lifeform","Developed",253,44,79,0.992157,0.172549,0.309804,1083,0
"35",7298,1119,"Developed-High Intensity",7298,2904,"Bau Developed-High Intensity","Developed","Developed-High Intensity",24,"Developed-High Intensity","LF 20: Developed","No Dominant Lifeform","No Dominant Lifeform","Developed",173,0,28,0.678431,0,0.109804,249,0
"36",7299,163819,"Developed-Roads",7299,2905,"Bau Developed-Roads","Developed","Developed-Roads",25,"Developed-Roads","LF 20: Developed","No Dominant Lifeform","No Dominant Lifeform","Developed",1,1,1,0.003922,0.003922,0.003922,36432,0.3
"37",7735,1665,"North American Glacier and Ice Field",7735,12,"Ba Snow-Ice","Snow-Ice","Snow-Ice",12,"Snow-Ice","LF 12: Snow-Ice","Non-vegetated","Non-vegetated","Non-vegetated",159,161,240,0.623529,0.631373,0.941176,370,0
"38",7900,1582,"Western Cool Temperate Urban Deciduous Forest",7900,2913,"Dtd Urban Deciduous Forest","Tree","Developed",13,"Developed-Upland Deciduous Forest","LF 20: Developed","Tree-dominated","Open tree canopy","Deciduous open tree canopy",112,68,137,0.439216,0.266667,0.537255,352,0
"39",7901,4998,"Western Cool Temperate Urban Evergreen Forest",7901,2914,"Dtc Urban Evergreen Forest","Tree","Developed",14,"Developed-Upland Evergreen Forest","LF 20: Developed","Tree-dominated","Open tree canopy","Evergreen open tree canopy",170,102,205,0.666667,0.4,0.803922,1112,0
"40",7902,104,"Western Cool Temperate Urban Mixed Forest",7902,2915,"Dtm Urban Mixed Deciduous-Evergreen Forest","Tree","Developed",15,"Developed-Upland Mixed Forest","LF 20: Developed","Tree-dominated","Open tree canopy","Mixed evergreen-deciduous open tree canopy",194,158,215,0.760784,0.619608,0.843137,23,0
"41",7903,11095,"Western Cool Temperate Urban Herbaceous",7903,2916,"Dgr Urban Herbaceous","Herb","Developed",16,"Developed-Upland Herbaceous","LF 20: Developed","Herbaceous / Nonvascular-dominated","Herbaceous - grassland","Perennial graminoid",202,122,245,0.792157,0.478431,0.960784,2467,0
"42",7904,82520,"Western Cool Temperate Urban Shrubland",7904,2917,"Dsh Urban Shrubland","Shrub","Developed",17,"Developed-Upland Shrubland","LF 20: Developed","Shrub-dominated","Shrubland","Mixed evergreen-deciduous shrubland",207,171,215,0.811765,0.670588,0.843137,18352,0.1
"43",7910,218,"Western Warm Temperate Urban Deciduous Forest",7910,2913,"Dtd Urban Deciduous Forest","Tree","Developed",13,"Developed-Upland Deciduous Forest","LF 20: Developed","Tree-dominated","Open tree canopy","Deciduous open tree canopy",112,68,137,0.439216,0.266667,0.537255,48,0
"44",7911,21,"Western Warm Temperate Urban Evergreen Forest",7911,2914,"Dtc Urban Evergreen Forest","Tree","Developed",14,"Developed-Upland Evergreen Forest","LF 20: Developed","Tree-dominated","Open tree canopy","Evergreen open tree canopy",170,102,205,0.666667,0.4,0.803922,5,0
"45",7912,2,"Western Warm Temperate Urban Mixed Forest",7912,2915,"Dtm Urban Mixed Deciduous-Evergreen Forest","Tree","Developed",15,"Developed-Upland Mixed Forest","LF 20: Developed","Tree-dominated","Open tree canopy","Mixed evergreen-deciduous open tree canopy",194,158,215,0.760784,0.619608,0.843137,0,0
"46",7913,389,"Western Warm Temperate Urban Herbaceous",7913,2916,"Dgr Urban Herbaceous","Herb","Developed",16,"Developed-Upland Herbaceous","LF 20: Developed","Herbaceous / Nonvascular-dominated","Herbaceous - grassland","Perennial graminoid",202,122,245,0.792157,0.478431,0.960784,87,0
"47",7914,5037,"Western Warm Temperate Urban Shrubland",7914,2917,"Dsh Urban Shrubland","Shrub","Developed",17,"Developed-Upland Shrubland","LF 20: Developed","Shrub-dominated","Shrubland","Mixed evergreen-deciduous shrubland",207,171,215,0.811765,0.670588,0.843137,1120,0
"48",7920,1,"Western Cool Temperate Developed Deciduous Forest",7920,2908,"Dtd Developed Deciduous Forest","Tree","Developed",13,"Developed-Upland Deciduous Forest","LF 20: Developed","Tree-dominated","Open tree canopy","Deciduous open tree canopy",64,61,168,0.25098,0.239216,0.658824,0,0
"49",7921,480,"Western Cool Temperate Developed Evergreen Forest",7921,2909,"Dtc Developed Evergreen Forest","Tree","Developed",14,"Developed-Upland Evergreen Forest","LF 20: Developed","Tree-dominated","Open tree canopy","Evergreen open tree canopy",102,119,205,0.4,0.466667,0.803922,107,0
"50",7922,23,"Western Cool Temperate Developed Mixed Forest",7922,2910,"Dtm Developed Mixed Deciduous-Evergreen Forest","Tree","Developed",15,"Developed-Upland Mixed Forest","LF 20: Developed","Tree-dominated","Open tree canopy","Mixed evergreen-deciduous open tree canopy",68,79,137,0.266667,0.309804,0.537255,5,0
"51",7923,1752,"Western Cool Temperate Developed Shrubland",7923,2912,"Dsh Developed Shrubland","Shrub","Developed",17,"Developed-Upland Shrubland","LF 20: Developed","Shrub-dominated","Shrubland","Mixed evergreen-deciduous shrubland",122,142,245,0.478431,0.556863,0.960784,390,0
"52",7924,528,"Western Cool Temperate Developed Herbaceous",7924,2911,"Dgr Developed Herbaceous","Herb","Developed",16,"Developed-Upland Herbaceous","LF 20: Developed","Herbaceous / Nonvascular-dominated","Herbaceous - grassland","Perennial graminoid",158,170,215,0.619608,0.666667,0.843137,117,0
"53",7931,5,"Western Warm Temperate Developed Evergreen Forest",7931,2909,"Dtc Developed Evergreen Forest","Tree","Developed",14,"Developed-Upland Evergreen Forest","LF 20: Developed","Tree-dominated","Open tree canopy","Evergreen open tree canopy",102,119,205,0.4,0.466667,0.803922,1,0
"54",7932,1,"Western Warm Temperate Developed Mixed Forest",7932,2910,"Dtm Developed Mixed Deciduous-Evergreen Forest","Tree","Developed",15,"Developed-Upland Mixed Forest","LF 20: Developed","Tree-dominated","Open tree canopy","Mixed evergreen-deciduous open tree canopy",68,79,137,0.266667,0.309804,0.537255,0,0
"55",7933,93,"Western Warm Temperate Developed Shrubland",7933,2912,"Dsh Developed Shrubland","Shrub","Developed",17,"Developed-Upland Shrubland","LF 20: Developed","Shrub-dominated","Shrubland","Mixed evergreen-deciduous shrubland",122,142,245,0.478431,0.556863,0.960784,21,0
"56",7934,37,"Western Warm Temperate Developed Herbaceous",7934,2911,"Dgr Developed Herbaceous","Herb","Developed",16,"Developed-Upland Herbaceous","LF 20: Developed","Herbaceous / Nonvascular-dominated","Herbaceous - grassland","Perennial graminoid",158,170,215,0.619608,0.666667,0.843137,8,0
"57",7963,2432,"Western Cool Temperate Row Crop - Close Grown Crop",7963,2963,"Da Row Crop - Close Grown Crop","Agriculture","Agricultural",63,"Agricultural-Row Crop-Close Grown Crop","LF 80: Agriculture","Herbaceous / Nonvascular-dominated","Herbaceous - grassland","Annual Graminoid/Forb",255,245,140,1,0.960784,0.54902,541,0
"58",7964,1925,"Western Cool Temperate Row Crop",7964,2964,"Da Row Crop","Agriculture","Agricultural",64,"Agricultural-Row Crop","LF 80: Agriculture","Herbaceous / Nonvascular-dominated","Herbaceous - grassland","Annual Graminoid/Forb",250,255,119,0.980392,1,0.466667,428,0
"59",7965,114835,"Western Cool Temperate Close Grown Crop",7965,2965,"Da Close Grown Crop","Agriculture","Agricultural",65,"Agricultural-Close Grown Crop","LF 80: Agriculture","Herbaceous / Nonvascular-dominated","Herbaceous - grassland","Annual Graminoid/Forb",255,237,119,1,0.929412,0.466667,25539,0.2
"60",7966,19004,"Western Cool Temperate Fallow/Idle Cropland",7966,2966,"Dab Fallow/Idle Cropland","Herb","Agricultural",66,"Agricultural-Fallow/Idle Cropland","LF 80: Agriculture","Herbaceous / Nonvascular-dominated","Herbaceous - grassland","Annual Graminoid/Forb",255,255,119,1,1,0.466667,4226,0
"61",7967,325746,"Western Cool Temperate Pasture and Hayland",7967,2967,"Dab Pasture and Hayland","Herb","Agricultural",67,"Agricultural-Pasture and Hayland","LF 80: Agriculture","Herbaceous / Nonvascular-dominated","Herbaceous - grassland","Annual Graminoid/Forb",227,212,28,0.890196,0.831373,0.109804,72444,0.6
"62",7968,3489,"Western Cool Temperate Wheat",7968,2968,"Da Wheat","Agriculture","Agricultural",68,"Agricultural-Wheat","LF 80: Agriculture","Herbaceous / Nonvascular-dominated","Herbaceous - grassland","Annual Graminoid/Forb",250,227,163,0.980392,0.890196,0.639216,776,0
"63",7985,313,"Western Warm Temperate Close Grown Crop",7985,2965,"Da Close Grown Crop","Agriculture","Agricultural",65,"Agricultural-Close Grown Crop","LF 80: Agriculture","Herbaceous / Nonvascular-dominated","Herbaceous - grassland","Annual Graminoid/Forb",255,237,119,1,0.929412,0.466667,70,0
"64",7986,272,"Western Warm Temperate Fallow/Idle Cropland",7986,2966,"Dab Fallow/Idle Cropland","Herb","Agricultural",66,"Agricultural-Fallow/Idle Cropland","LF 80: Agriculture","Herbaceous / Nonvascular-dominated","Herbaceous - grassland","Annual Graminoid/Forb",255,255,119,1,1,0.466667,60,0
"65",7987,1388,"Western Warm Temperate Pasture and Hayland",7987,2967,"Dab Pasture and Hayland","Herb","Agricultural",67,"Agricultural-Pasture and Hayland","LF 80: Agriculture","Herbaceous / Nonvascular-dominated","Herbaceous - grassland","Annual Graminoid/Forb",227,212,28,0.890196,0.831373,0.109804,309,0
"66",7988,6,"Western Warm Temperate Wheat",7988,2968,"Da Wheat","Agriculture","Agricultural",68,"Agricultural-Wheat","LF 80: Agriculture","Herbaceous / Nonvascular-dominated","Herbaceous - grassland","Annual Graminoid/Forb",250,227,163,0.980392,0.890196,0.639216,1,0
"67",9003,24381,"Great Basin Foothill and Lower Montane Riparian Woodland",9003,2154,"Tr Inter-Mountain Basins Montane Riparian Systems","Tree","Riparian",635,"Western Riparian Woodland and Shrubland","SAF 235: Cottonwood-Willow","Tree-dominated","Open tree canopy","Mixed evergreen-deciduous open tree canopy",73,171,186,0.286275,0.670588,0.729412,5422,0
"68",9005,26155,"Inter-Mountain Basins Alkaline Closed Depression",9005,2224,"He Inter-Mountain Basins Alkaline Closed Depression","Herb","Riparian",650,"Depressional Wetland","LF 56: Western Herbaceous Wetland","Herbaceous / Nonvascular-dominated","Herbaceous - grassland","Perennial graminoid grassland",250,100,56,0.980392,0.392157,0.219608,5817,0
"69",9006,140674,"Inter-Mountain Basins Cliff and Canyon",9006,2001,"Sps Inter-Mountain Basins Sparsely Vegetated Systems","Sparse","Sparsely Vegetated",700,"Sparse Vegetation","LF 33: Sparsely Vegetated","No Dominant Lifeform","Sparsely vegetated","Sparsely vegetated",100,100,100,0.392157,0.392157,0.392157,31285,0.2
"70",9008,1046979,"Inter-Mountain Basins Playa",9008,2001,"Sps Inter-Mountain Basins Sparsely Vegetated Systems","Sparse","Sparsely Vegetated",700,"Sparse Vegetation","LF 33: Sparsely Vegetated","No Dominant Lifeform","Sparsely vegetated","Sparsely vegetated",100,100,100,0.392157,0.392157,0.392157,232843,1.8
"71",9010,307459,"Inter-Mountain Basins Wash",9010,2001,"Sps Inter-Mountain Basins Sparsely Vegetated Systems","Sparse","Sparsely Vegetated",700,"Sparse Vegetation","LF 33: Sparsely Vegetated","No Dominant Lifeform","Sparsely vegetated","Sparsely vegetated",100,100,100,0.392157,0.392157,0.392157,68377,0.5
"72",9011,17573,"North American Arid West Emergent Marsh",9011,2225,"He North American Arid West Emergent Marsh","Herb","Riparian",765,"Freshwater Marsh","LF 56: Western Herbaceous Wetland","Herbaceous / Nonvascular-dominated","Herbaceous - grassland","Perennial graminoid grassland",250,100,56,0.980392,0.392157,0.219608,3908,0
"73",9016,98599,"Rocky Mountain Alpine Bedrock and Scree",9016,2006,"Sps Rocky Mountain Alpine/Montane Sparsely Vegetated Systems","Sparse","Sparsely Vegetated",700,"Sparse Vegetation","LF 33: Sparsely Vegetated","No Dominant Lifeform","Sparsely vegetated","Sparsely vegetated",100,100,100,0.392157,0.392157,0.392157,21928,0.2
"74",9017,29828,"Rocky Mountain Alpine-Montane Wet Meadow",9017,2176,"He Rocky Mountain Alpine-Montane Wet Meadow","Herb","Riparian",669,"Western Herbaceous Wetland","SRM 422: Riparian","Herbaceous / Nonvascular-dominated","Herbaceous - grassland","Perennial graminoid grassland",184,96,24,0.721569,0.376471,0.094118,6634,0.1
"75",9018,42192,"Rocky Mountain Cliff Canyon and Massive Bedrock",9018,2006,"Sps Rocky Mountain Alpine/Montane Sparsely Vegetated Systems","Sparse","Sparsely Vegetated",700,"Sparse Vegetation","LF 33: Sparsely Vegetated","No Dominant Lifeform","Sparsely vegetated","Sparsely vegetated",100,100,100,0.392157,0.392157,0.392157,9383,0.1
"76",9019,21,"Rocky Mountain Lower Montane-Foothill Riparian Woodland",9019,2159,"Tr Rocky Mountain Montane Riparian Systems","Tree","Riparian",635,"Western Riparian Woodland and Shrubland","SAF 235: Cottonwood-Willow","Tree-dominated","Open tree canopy","Mixed evergreen-deciduous open tree canopy",73,171,186,0.286275,0.670588,0.729412,5,0
"77",9021,6365,"Rocky Mountain Subalpine-Montane Riparian Shrubland",9021,2160,"Tr Rocky Mountain Subalpine/Upper Montane Riparian Systems","Shrub","Riparian",635,"Western Riparian Woodland and Shrubland","SRM 422: Riparian","Shrub-dominated","Shrubland","Mixed evergreen-deciduous shrubland",184,96,24,0.721569,0.376471,0.094118,1416,0
"78",9022,8949,"Rocky Mountain Subalpine-Montane Riparian Woodland",9022,2160,"Tr Rocky Mountain Subalpine/Upper Montane Riparian Systems","Tree","Riparian",635,"Western Riparian Woodland and Shrubland","SRM 422: Riparian","Tree-dominated","Open tree canopy","Mixed evergreen-deciduous open tree canopy",184,96,24,0.721569,0.376471,0.094118,1990,0
"79",9034,392,"North American Warm Desert Riparian Woodland",9034,2155,"Tr North American Warm Desert Riparian Systems","Tree","Riparian",635,"Western Riparian Woodland and Shrubland","SRM 203: Riparian Woodland","Tree-dominated","Open tree canopy","Deciduous open tree canopy",81,180,141,0.317647,0.705882,0.552941,87,0
"80",9035,1496,"North American Warm Desert Lower Montane Riparian Woodland",9035,2155,"Tr North American Warm Desert Riparian Systems","Tree","Riparian",635,"Western Riparian Woodland and Shrubland","SRM 203: Riparian Woodland","Tree-dominated","Open tree canopy","Deciduous open tree canopy",81,180,141,0.317647,0.705882,0.552941,333,0
"81",9146,91,"North American Warm Desert Badland",9146,2004,"Sps North American Warm Desert Sparsely Vegetated Systems","Sparse","Sparsely Vegetated",700,"Sparse Vegetation","LF 33: Sparsely Vegetated","No Dominant Lifeform","Sparsely vegetated","Sparsely vegetated",100,100,100,0.392157,0.392157,0.392157,20,0
"82",9147,11045,"North American Warm Desert Bedrock Cliff and Outcrop",9147,2004,"Sps North American Warm Desert Sparsely Vegetated Systems","Sparse","Sparsely Vegetated",700,"Sparse Vegetation","LF 33: Sparsely Vegetated","No Dominant Lifeform","Sparsely vegetated","Sparsely vegetated",100,100,100,0.392157,0.392157,0.392157,2456,0
"83",9148,116,"North American Warm Desert Cienega",9148,2155,"Tr North American Warm Desert Riparian Systems","Herb","Riparian",669,"Western Herbaceous Wetland","LF 56: Western Herbaceous Wetland","Herbaceous / Nonvascular-dominated","Herbaceous - grassland","Perennial graminoid",81,180,141,0.317647,0.705882,0.552941,26,0
"84",9150,8574,"North American Warm Desert Pavement",9150,2004,"Sps North American Warm Desert Sparsely Vegetated Systems","Sparse","Sparsely Vegetated",700,"Sparse Vegetation","LF 33: Sparsely Vegetated","No Dominant Lifeform","Sparsely vegetated","Sparsely vegetated",100,100,100,0.392157,0.392157,0.392157,1907,0
"85",9151,2356,"North American Warm Desert Playa",9151,2004,"Sps North American Warm Desert Sparsely Vegetated Systems","Sparse","Sparsely Vegetated",700,"Sparse Vegetation","LF 33: Sparsely Vegetated","No Dominant Lifeform","Sparsely vegetated","Sparsely vegetated",100,100,100,0.392157,0.392157,0.392157,524,0
"86",9152,1,"North American Warm Desert Riparian Mesquite Bosque Woodland",9152,2155,"Tr North American Warm Desert Riparian Systems","Tree","Riparian",635,"Western Riparian Woodland and Shrubland","SRM 203: Riparian Woodland","Tree-dominated","Open tree canopy","Deciduous open tree canopy",81,180,141,0.317647,0.705882,0.552941,0,0
"87",9154,19,"North American Warm Desert Wash Woodland",9154,2155,"Tr North American Warm Desert Riparian Systems","Tree","Riparian",635,"Western Riparian Woodland and Shrubland","SRM 203: Riparian Woodland","Tree-dominated","Open tree canopy","Deciduous open tree canopy",81,180,141,0.317647,0.705882,0.552941,4,0
"88",9307,132436,"Great Basin & Intermountain Introduced Annual and Biennial Forbland",9307,2272,"He Great Basin & Intermountain Introduced Annual and Biennial Forbland","Herb","Exotic Herbaceous",704,"Introduced Annual and Biennial Forbland","LF 54: Introduced Upland Vegetation - Herbaceous","Herbaceous / Nonvascular-dominated","Herbaceous - grassland","Annual Graminoid/Forb",255,105,46,1,0.411765,0.180392,29453,0.2
"89",9308,187584,"Great Basin & Intermountain Introduced Annual Grassland",9308,2273,"He Great Basin & Intermountain Introduced Annual Grassland","Herb","Exotic Herbaceous",702,"Introduced Annual Grassland","LF 54: Introduced Upland Vegetation - Herbaceous","Herbaceous / Nonvascular-dominated","Herbaceous - grassland","Annual Graminoid/Forb",255,105,46,1,0.411765,0.180392,41718,0.3
"90",9309,105388,"Great Basin & Intermountain Introduced Perennial Grassland and Forbland",9309,2274,"He Great Basin & Intermountain Introduced Perennial Grassland and Forbland","Herb","Exotic Herbaceous",703,"Introduced Perennial Grassland and Forbland","LF 54: Introduced Upland Vegetation - Herbaceous","Herbaceous / Nonvascular-dominated","Herbaceous - grassland","Perennial graminoid grassland",255,105,46,1,0.411765,0.180392,23438,0.2
"91",9310,252503,"North American Warm Desert Ruderal & Planted Scrub",9310,2275,"Sh North American Warm Desert Ruderal & Planted Scrub & Grassland","Shrub","Exotic Tree-Shrub",706,"Introduced Upland Vegetation-Shrub","LF 52: Introduced Upland Vegetation - Shrub","Shrub-dominated","Shrubland","Mixed evergreen-deciduous shrubland",255,105,46,1,0.411765,0.180392,56155,0.4
"92",9327,1355,"Interior West Ruderal Riparian Forest",9327,2278,"Tr Interior West Ruderal Riparian Forest & Scrub","Tree","Riparian",701,"Introduced Riparian Vegetation","LF 58: Introduced Woody Wetlands and Riparian Vegetation","Tree-dominated","Open tree canopy","Mixed evergreen-deciduous open tree canopy",255,105,46,1,0.411765,0.180392,301,0
"93",9328,151592,"Interior Western North American Temperate Ruderal Shrubland",9328,2279,"Sh Interior Western North American Temperate Ruderal Grassland & Shrubland","Shrub","Exotic Tree-Shrub",706,"Introduced Upland Vegetation-Shrub","LF 52: Introduced Upland Vegetation - Shrub","Shrub-dominated","Shrubland","Mixed evergreen-deciduous shrubland",255,105,46,1,0.411765,0.180392,33713,0.3
"94",9329,3224,"Western North American Ruderal Wet Shrubland",9329,2280,"Sh Western North American Ruderal Wet Shrubland Meadow & Marsh","Shrub","Riparian",708,"Introduced Woody Wetland Vegetation","LF 58: Introduced Woody Wetlands and Riparian Vegetation","Shrub-dominated","Shrubland","Mixed evergreen-deciduous shrubland",255,105,46,1,0.411765,0.180392,717,0
"95",9336,1054539,"Great Basin & Intermountain Ruderal Shrubland",9336,2282,"Sh Great Basin & Intermountain Ruderal Shrubland","Shrub","Exotic Tree-Shrub",706,"Introduced Upland Vegetation-Shrub","LF 52: Introduced Upland Vegetation - Shrub","Shrub-dominated","Shrubland","Mixed evergreen-deciduous shrubland",255,105,46,1,0.411765,0.180392,234524,1.8
"96",9503,163869,"Great Basin Foothill and Lower Montane Riparian Shrubland",9003,2154,"Tr Inter-Mountain Basins Montane Riparian Systems","Shrub","Riparian",635,"Western Riparian Woodland and Shrubland","SAF 235: Cottonwood-Willow","Shrub-dominated","Shrubland","Mixed evergreen-deciduous shrubland",73,171,186,0.286275,0.670588,0.729412,36444,0.3
"97",9505,35728,"Great Basin Foothill and Lower Montane Riparian Herbaceous",9003,2154,"Tr Inter-Mountain Basins Montane Riparian Systems","Herb","Riparian",635,"Western Riparian Woodland and Shrubland","SAF 235: Cottonwood-Willow","Herbaceous / Nonvascular-dominated","Herbaceous - grassland","Perennial graminoid",73,171,186,0.286275,0.670588,0.729412,7946,0.1
"98",9519,53,"Rocky Mountain Lower Montane-Foothill Riparian Shrubland",9019,2159,"Tr Rocky Mountain Montane Riparian Systems","Shrub","Riparian",635,"Western Riparian Woodland and Shrubland","SAF 235: Cottonwood-Willow","Shrub-dominated","Shrubland","Mixed evergreen-deciduous shrubland",73,171,186,0.286275,0.670588,0.729412,12,0
"99",9533,206,"North American Warm Desert Riparian Herbaceous",9034,2155,"Tr North American Warm Desert Riparian Systems","Herb","Riparian",669,"Western Herbaceous Wetland","LF 56: Western Herbaceous Wetland","Herbaceous / Nonvascular-dominated","Herbaceous - grassland","Perennial graminoid",81,180,141,0.317647,0.705882,0.552941,46,0
"100",9534,541,"North American Warm Desert Riparian Shrubland",9034,2155,"Tr North American Warm Desert Riparian Systems","Shrub","Riparian",635,"Western Riparian Woodland and Shrubland","SRM 203: Riparian Woodland","Shrub-dominated","Shrubland","Deciduous shrubland",81,180,141,0.317647,0.705882,0.552941,120,0
"101",9535,730,"North American Warm Desert Lower Montane Riparian Shrubland",9035,2155,"Tr North American Warm Desert Riparian Systems","Shrub","Riparian",635,"Western Riparian Woodland and Shrubland","SRM 203: Riparian Woodland","Shrub-dominated","Shrubland","Deciduous shrubland",81,180,141,0.317647,0.705882,0.552941,162,0
"102",9652,5,"North American Warm Desert Riparian Mesquite Bosque Shrubland",9152,2155,"Tr North American Warm Desert Riparian Systems","Shrub","Riparian",635,"Western Riparian Woodland and Shrubland","SRM 203: Riparian Woodland","Shrub-dominated","Shrubland","Deciduous shrubland",81,180,141,0.317647,0.705882,0.552941,1,0
"103",9654,277,"North American Warm Desert Wash Shrubland",9154,2155,"Tr North American Warm Desert Riparian Systems","Shrub","Riparian",635,"Western Riparian Woodland and Shrubland","SRM 203: Riparian Woodland","Shrub-dominated","Shrubland","Mixed evergreen-deciduous shrubland",81,180,141,0.317647,0.705882,0.552941,62,0
"104",9810,20483,"North American Warm Desert Ruderal & Planted Grassland",9310,2275,"Sh North American Warm Desert Ruderal & Planted Scrub & Grassland","Herb","Exotic Herbaceous",703,"Introduced Perennial Grassland and Forbland","LF 54: Introduced Upland Vegetation - Herbaceous","Herbaceous / Nonvascular-dominated","Herbaceous - grassland","Perennial graminoid grassland",255,105,46,1,0.411765,0.180392,4555,0
"105",9827,194852,"Interior West Ruderal Riparian Scrub",9327,2278,"Tr Interior West Ruderal Riparian Forest & Scrub","Shrub","Riparian",701,"Introduced Riparian Vegetation","LF 58: Introduced Woody Wetlands and Riparian Vegetation","Shrub-dominated","Shrubland","Mixed evergreen-deciduous shrubland",255,105,46,1,0.411765,0.180392,43334,0.3
"106",9828,13467,"Interior Western North American Temperate Ruderal Grassland",9328,2279,"Sh Interior Western North American Temperate Ruderal Grassland & Shrubland","Herb","Exotic Herbaceous",703,"Introduced Perennial Grassland and Forbland","LF 54: Introduced Upland Vegetation - Herbaceous","Herbaceous / Nonvascular-dominated","Herbaceous - grassland","Perennial graminoid grassland",255,105,46,1,0.411765,0.180392,2995,0
"107",9829,966,"Western North American Ruderal Wet Meadow & Marsh",9329,2280,"Sh Western North American Ruderal Wet Shrubland Meadow & Marsh","Herb","Riparian",709,"Introduced Herbaceous Wetland Vegetation","LF 59: Introduced Herbaceous Wetland and Riparian Vegetation","Herbaceous / Nonvascular-dominated","Herbaceous - grassland","Perennial graminoid grassland",255,105,46,1,0.411765,0.180392,215,0
